invoice_id,branch,city,state,customer_type,gender,product_name,product_line,unit_price,quantity,vat,total,date,time,payment,cogs,gross_margin_pct,gross_income,rating,time_of_day,day_name,month_name,product_category
101-17-6199,"Banjara Hills",Hyderabad,Maharashtra,Prime,Male,"Oreo Biscuits","Food and beverages",45.79,8,19.23,581.57,"2026-01-29 02:19:34",19:44:00,"Credit card",384.64,4.761904716,27.7,7,Evening,Thursday,January,Good
101-81-4070,Andheri,Mumbai,Maharashtra,Elite,Female,Shampoo,"Health and beauty",62.82,4,14.77,410.24,"2026-04-01 22:41:00",12:36:00,Ewallet,227.26,4.761904716,19.55,4.9,Afternoon,Wednesday,April,Bad
102-06-2002,"Connaught Place",Delhi,Telangana,Elite,Male,"Gym Bag","Sports and travel",25.25,34,19.43,587.94,"2026-12-26 02:03:00",17:52:00,UPI,230.09,4.761904716,27.99,6.1,Evening,Saturday,December,Bad
102-77-2261,Koramangala,Bangalore,Karnataka,Elite,Male,"Face Wash","Health and beauty",65.31,10,46.25,1398.44,"2026-06-23 02:48:00",18:02:00,"Credit card",642.29,4.761904716,66.58,4.2,Evening,Tuesday,June,Good
105-10-6182,Whitefield,Bangalore,Delhi,Basic,Male,"Leather Wallet","Fashion accessories",21.48,3,4.03,84.45,"2026-02-28 10:45:13",12:22:00,UPI,42.96,4.761904716,4.03,6.6,Afternoon,Saturday,February,Bad
105-31-1824,"Connaught Place",Delhi,Maharashtra,Elite,Male,Football,"Sports and travel",69.52,12,57.65,1210.61,"2026-10-05 11:07:06",15:10:00,UPI,886.9,4.761904716,57.66,8.5,Afternoon,Monday,October,Good
106-35-6779,Hinjawadi,Pune,Maharashtra,Basic,Male,Bedsheet,"Home and lifestyle",44.34,2,3.59,61.09,"2026-01-12 18:28:03",11:26:00,Cash,88.68,4.761904716,2.91,5.8,Morning,Monday,January,Bad
109-28-2512,Bandra,Mumbai,Maharashtra,Basic,Female,Handbag,"Fashion accessories",97.61,27,151.75,4214.93,"2026-10-02 10:49:16",15:01:00,Ewallet,2334.89,4.761904716,200.68,9.9,Afternoon,Friday,October,Good
109-86-4363,Bandra,Mumbai,Telangana,Prime,Female,"Gym Bag","Sports and travel",60.08,12,49.83,847.46,"2026-12-31 15:23:39",11:36:00,"Credit Card",766.48,4.761904716,40.36,4.5,Morning,Thursday,December,Good
110-05-6330,"Connaught Place",Delhi,Telangana,Basic,Female,"Nescafe Coffee","Food and beverages",39.43,7,21.35,645.98,"2026-03-18 03:06:01",20:18:00,"Credit card",328.66,4.761904716,30.74,9.4,Evening,Wednesday,March,Bad
110-48-7033,Bandra,Mumbai,Maharashtra,Elite,Male,"Wrist Watch","Fashion accessories",32.62,4,8.48,178.11,"2026-01-06 16:21:36",14:12:00,"Credit Card",130.48,4.761904716,8.48,9,Afternoon,Tuesday,January,Bad
114-35-5271,Andheri,Mumbai,Karnataka,Prime,Female,"Power Bank","Electronic accessories",57.91,11,42.3,888.45,"2026-05-14 18:56:13",15:06:00,"Credit Card",650.87,4.761904716,42.3,7.7,Afternoon,Thursday,May,Good
115-38-7388,Gachibowli,Hyderabad,Maharashtra,Basic,Female,"Baseball Cap","Fashion accessories",10.18,34,16.24,450.85,"2026-11-05 20:33:45",12:51:00,"Credit card",324.69,4.761904716,21.48,9.5,Afternoon,Thursday,November,Bad
115-99-4379,"Hitech City",Hyderabad,Delhi,Elite,Female,Sunglasses,"Fashion accessories",54.73,28,76.37,3054.15,"2026-10-01 04:15:32",19:02:00,"Credit card",1527.34,4.761904716,145.44,8.5,Evening,Thursday,October,Good
118-62-1812,Indiranagar,Bangalore,Telangana,Basic,Female,Bedsheet,"Home and lifestyle",78.38,8,42.25,1277.89,"2026-08-22 15:51:31",17:56:00,Cash,451.46,4.761904716,60.84,7.9,Evening,Saturday,August,Good
120-06-4233,Hinjawadi,Pune,Karnataka,Basic,Male,"Bluetooth Speaker","Electronic accessories",30.61,9,10.44,440.01,"2026-05-22 22:59:09",20:36:00,Cash,258.03,4.761904716,20.95,7,Evening,Friday,May,Bad
120-54-2248,Saket,Delhi,Karnataka,Elite,Female,"Lay's Chips","Food and beverages",28.86,7,13.51,408.44,"2026-08-17 06:00:13",18:08:00,"Credit card",207.79,4.761904716,19.45,8,Evening,Monday,August,Bad
122-61-9553,Kharadi,Pune,Telangana,Basic,Female,"Wireless Mouse","Electronic accessories",51.32,12,26.28,794.72,"2026-05-18 03:11:46",19:33:00,Cash,648.92,4.761904716,37.85,7.2,Evening,Monday,May,Good
123-19-1176,Powai,Mumbai,Maharashtra,Elite,Male,Shampoo,"Health and beauty",58.22,12,43.6,1318.32,"2026-07-15 06:41:50",20:33:00,Ewallet,670.69,4.761904716,62.8,8.4,Evening,Wednesday,July,Good
123-35-4896,Indiranagar,Bangalore,Karnataka,Basic,Female,"Gym Bag","Sports and travel",46.66,16,55.12,1666.34,"2026-10-15 02:29:03",19:11:00,UPI,765.34,4.761904716,79.36,5.3,Evening,Thursday,October,Good
124-31-1458,Saket,Delhi,Maharashtra,Basic,Female,"Bluetooth Speaker","Electronic accessories",79.59,2,11.63,244.44,"2026-02-25 10:55:25",14:30:00,UPI,179.08,4.761904716,11.64,6.5,Afternoon,Wednesday,February,Bad
125-45-2293,Saket,Delhi,Maharashtra,Elite,Female,Sunglasses,"Fashion accessories",99.1,35,200.3,5563.01,"2026-10-25 17:11:26",13:11:00,Cash,2370.49,4.761904716,264.9,4.2,Afternoon,Sunday,October,Good
126-54-1082,"Banjara Hills",Hyderabad,Karnataka,Elite,Female,"Storage Basket","Home and lifestyle",21.54,9,9.693,164.88,"2026-02-18 12:18:37",11:44:00,"Credit card",193.86,4.761904716,7.85,8.8,Morning,Wednesday,February,Bad
127-47-6963,"Connaught Place",Delhi,Maharashtra,Prime,Male,Sunscreen,"Health and beauty",51.71,6,24.31,510.69,"2026-03-03 07:10:48",13:53:00,UPI,374.13,4.761904716,24.32,9.8,Afternoon,Tuesday,March,Bad
129-29-8530,Kharadi,Pune,Maharashtra,Basic,Male,"Travel Backpack","Sports and travel",62.62,9,23.11,698.87,"2026-12-29 01:37:41",19:15:00,Ewallet,570.63,4.761904716,33.28,7,Evening,Tuesday,December,Good
130-67-4723,Kharadi,Pune,Karnataka,Basic,Male,"Tropicana Juice","Food and beverages",48.5,9,16.56,347.72,"2026-05-12 14:19:00",13:57:00,Cash,408.83,4.761904716,16.56,9.4,Afternoon,Tuesday,May,Bad
130-98-8941,"Connaught Place",Delhi,Delhi,Elite,Male,"Baseball Cap","Fashion accessories",64.26,28,116.56,1982.79,"2026-11-26 17:21:50",10:00:00,UPI,1793.33,4.761904716,94.43,5.7,Morning,Thursday,November,Good
131-15-8856,"Banjara Hills",Hyderabad,Delhi,Prime,Female,"Nescafe Coffee","Food and beverages",72.52,8,35.18,1064.08,"2026-11-29 09:03:56",19:26:00,"Credit card",541.36,4.761904716,50.65,4,Evening,Sunday,November,Good
131-70-8179,Baner,Pune,Maharashtra,Elite,Female,"Lip Balm","Health and beauty",92.09,4,14.55,581.74,"2026-02-28 15:58:18",16:27:00,Cash,276.27,4.761904716,27.7,4.2,Evening,Saturday,February,Bad
132-23-6451,Koramangala,Bangalore,Telangana,Basic,Male,Sunscreen,"Health and beauty",20.97,9,13.78,288.91,"2026-11-06 05:52:14",13:21:00,Cash,191.09,4.761904716,13.78,7.8,Afternoon,Friday,November,Bad
132-32-9879,Kharadi,Pune,Maharashtra,Elite,Female,"USB Flash Drive","Electronic accessories",93.96,8,28.5,861.68,"2026-09-05 15:47:54",18:00:00,Cash,541.21,4.761904716,41.04,6.5,Evening,Saturday,September,Good
133-14-7229,"Hitech City",Hyderabad,Delhi,Elite,Male,Shampoo,"Health and beauty",62.87,5,14.77,251.49,"2026-04-04 07:19:57",11:43:00,Cash,227.44,4.761904716,11.99,5,Morning,Saturday,April,Bad
133-77-3154,Indiranagar,Bangalore,Maharashtra,Elite,Male,Handbag,"Fashion accessories",60.18,15,69.1,2089.54,"2026-10-05 21:08:08",18:04:00,UPI,959.7,4.761904716,99.5,9.4,Evening,Monday,October,Bad
134-54-4720,Baner,Pune,Karnataka,Basic,Female,"Mechanical Keyboard","Electronic accessories",42.42,8,13.4,281.42,"2026-02-15 23:35:10",13:58:00,Cash,254.52,4.761904716,13.4,6.6,Afternoon,Sunday,February,Good
134-75-2619,"Banjara Hills",Hyderabad,Maharashtra,Elite,Male,"USB Flash Drive","Electronic accessories",19.32,10,9.73,410,"2026-07-16 17:54:51",18:51:00,Cash,194.75,4.761904716,19.52,7.1,Evening,Thursday,July,Bad
135-13-8269,Koramangala,Bangalore,Maharashtra,Prime,Female,Coca-Cola,"Food and beverages",78.88,2,13.63,412.2,"2026-02-12 08:05:38",16:04:00,UPI,189.31,4.761904716,19.63,9.1,Evening,Thursday,February,Bad
135-84-8019,Whitefield,Bangalore,Maharashtra,Elite,Female,Handbag,"Fashion accessories",77.93,12,70.97,2837.33,"2026-05-05 16:33:38",16:10:00,Ewallet,985.36,4.761904716,135.15,7.6,Evening,Tuesday,May,Good
136-08-6195,Whitefield,Bangalore,Telangana,Prime,Female,"Coffee Mug","Home and lifestyle",69.96,34,167.88,5077.79,"2026-06-06 01:48:31",17:01:00,UPI,1793.95,4.761904716,241.75,6.4,Evening,Saturday,June,Good
137-63-5492,Hinjawadi,Pune,Maharashtra,Elite,Male,"Wireless Mouse","Electronic accessories",58.76,8,17.85,521.9,"2026-02-02 05:19:00",14:26:00,Cash,440.7,4.761904716,24.86,6.8,Afternoon,Monday,February,Good
137-74-8729,"Banjara Hills",Hyderabad,Karnataka,Basic,Female,"Wrist Watch","Fashion accessories",12.19,34,19.4,539.9,"2026-11-03 12:44:21",12:47:00,Ewallet,388.79,4.761904716,25.76,6.8,Afternoon,Tuesday,November,Bad
138-17-5109,Saket,Delhi,Maharashtra,Elite,Female,"Table Lamp","Home and lifestyle",89.21,9,52.19,1095.94,"2026-02-19 02:11:56",15:42:00,UPI,802.89,4.761904716,52.19,6.5,Afternoon,Thursday,February,Good
139-20-0155,"Hitech City",Hyderabad,Maharashtra,Prime,Male,"Power Bank","Electronic accessories",40.3,10,19.64,827.23,"2026-01-18 23:07:41",17:37:00,"Credit card",302.25,4.761904716,39.38,6.6,Evening,Sunday,January,Good
139-32-4183,Koramangala,Bangalore,Maharashtra,Basic,Female,"Yoga Mat","Sports and travel",97.48,28,184.64,3877.64,"2026-09-04 11:38:32",14:19:00,Ewallet,2564.59,4.761904716,184.64,7.4,Afternoon,Friday,September,Good
139-52-2867,Saket,Delhi,Delhi,Prime,Female,"Baseball Cap","Fashion accessories",22.51,10,14.39,323.7,"2026-05-26 13:03:00",10:50:00,"Credit card",221.38,4.761904716,15.42,4.8,Morning,Tuesday,May,Bad
142-63-6033,Koramangala,Bangalore,Telangana,Prime,Male,Bedsheet,"Home and lifestyle",92.36,7,47.88,1447.87,"2026-07-09 23:10:14",19:17:00,UPI,664.99,4.761904716,68.95,4.9,Evening,Thursday,July,Good
142-72-4741,Saket,Delhi,Maharashtra,Prime,Male,"Baseball Cap","Fashion accessories",93.2,2,14.03,424.15,"2026-04-09 10:47:34",18:37:00,UPI,215.79,4.761904716,20.22,6,Evening,Thursday,April,Bad
144-51-6085,Whitefield,Bangalore,Karnataka,Elite,Male,"Coffee Mug","Home and lifestyle",70.74,14,65.32,1974.76,"2026-06-10 20:31:45",16:05:00,"Credit card",907,4.761904716,94.04,4.4,Evening,Wednesday,June,Bad
145-94-9061,Saket,Delhi,Delhi,Elite,Female,"Nescafe Coffee","Food and beverages",88.36,4,26.79,810.32,"2026-12-15 04:55:12",19:48:00,UPI,412.25,4.761904716,38.59,9.6,Evening,Tuesday,December,Good
146-09-5432,Baner,Pune,Telangana,Basic,Male,"Tropicana Juice","Food and beverages",35.04,18,23.06,697.49,"2026-03-01 04:43:06",19:17:00,Ewallet,438.08,4.761904716,33.22,4.6,Evening,Sunday,March,Good
148-41-7930,Baner,Pune,Maharashtra,Basic,Male,"Body Lotion","Health and beauty",99.96,10,40.81,694.14,"2026-07-01 21:22:11",10:33:00,Cash,1007.59,4.761904716,33.05,6.1,Morning,Wednesday,July,Good
148-82-2527,Rohini,Delhi,Maharashtra,Elite,Female,"Table Lamp","Home and lifestyle",12.12,19,14.35,301.51,"2026-12-18 03:33:40",13:44:00,UPI,220.89,4.761904716,14.35,8.4,Afternoon,Friday,December,Bad
149-14-0304,Gachibowli,Hyderabad,Telangana,Elite,Female,"Lip Balm","Health and beauty",28.5,20,27.01,750.12,"2026-11-07 19:20:02",14:24:00,Cash,415.53,4.761904716,35.73,6.6,Afternoon,Saturday,November,Bad
149-15-7606,Andheri,Mumbai,Telangana,Elite,Male,"Travel Backpack","Sports and travel",37.32,12,30.68,644.12,"2026-06-24 23:17:46",15:31:00,Ewallet,471.89,4.761904716,30.68,5.1,Afternoon,Wednesday,June,Good
149-61-1929,Powai,Mumbai,Maharashtra,Elite,Male,"Yoga Mat","Sports and travel",64.19,13,58.62,1230.97,"2026-06-03 04:37:18",14:08:00,"Credit card",901.82,4.761904716,58.62,6.7,Afternoon,Wednesday,June,Good
149-71-6266,Saket,Delhi,Karnataka,Prime,Male,"Gym Bag","Sports and travel",78.07,36,173.55,3644.71,"2026-09-13 22:08:48",12:43:00,UPI,2053.93,4.761904716,173.55,4.5,Afternoon,Sunday,September,Good
150-89-8043,Whitefield,Bangalore,Karnataka,Basic,Male,"Yoga Mat","Sports and travel",44.65,9,28.2,592.06,"2026-07-07 19:11:32",15:04:00,UPI,391.57,4.761904716,28.2,6.2,Afternoon,Tuesday,July,Bad
151-16-1484,Whitefield,Bangalore,Delhi,Basic,Male,"Wireless Mouse","Electronic accessories",32.25,4,13.03,381.55,"2026-06-17 21:20:09",12:38:00,UPI,181.24,4.761904716,18.15,7.8,Afternoon,Wednesday,June,Bad
151-27-8496,Saket,Delhi,Telangana,Elite,Female,"Bluetooth Speaker","Electronic accessories",56.13,3,10.95,186.18,"2026-01-27 16:39:11",11:43:00,UPI,168.39,4.761904716,8.87,6.9,Morning,Tuesday,January,Bad
151-33-7434,Kharadi,Pune,Delhi,Prime,Female,"Nescafe Coffee","Food and beverages",67.77,1,3.18,96.1,"2026-04-03 04:23:18",20:43:00,"Credit card",78.46,4.761904716,4.57,6.5,Evening,Friday,April,Bad
152-03-4217,"Banjara Hills",Hyderabad,Maharashtra,Basic,Female,"Storage Basket","Home and lifestyle",11.28,9,5.076,86.35,"2026-02-26 05:29:57",11:55:00,"Credit card",101.52,4.761904716,4.11,4.3,Morning,Thursday,February,Bad
152-08-9985,Bandra,Mumbai,Maharashtra,Elite,Male,Sunscreen,"Health and beauty",64.36,17,70.47,1480.12,"2026-09-05 16:59:37",12:09:00,"Credit Card",834.11,4.761904716,70.47,8.6,Afternoon,Saturday,September,Good
152-68-2907,"Hitech City",Hyderabad,Maharashtra,Prime,Male,"Lay's Chips","Food and beverages",52.2,5,11.28,236.78,"2026-07-03 09:23:16",13:30:00,"Credit card",225.5,4.761904716,11.28,9.5,Afternoon,Friday,July,Bad
153-58-4872,Indiranagar,Bangalore,Delhi,Prime,Female,Coca-Cola,"Food and beverages",74.89,4,30.32,636.35,"2026-06-12 01:25:27",15:32:00,UPI,420.86,4.761904716,30.32,4.2,Afternoon,Friday,June,Bad
154-74-7179,"Connaught Place",Delhi,Maharashtra,Elite,Male,"Gym Bag","Sports and travel",54.45,1,6.46,195.06,"2026-12-16 14:34:15",19:24:00,Ewallet,99.24,4.761904716,9.31,7.9,Evening,Wednesday,December,Bad
154-87-7367,Hinjawadi,Pune,Maharashtra,Prime,Male,Bedsheet,"Home and lifestyle",65.26,8,24.47,514.02,"2026-03-02 00:01:51",14:04:00,Ewallet,604.37,4.761904716,24.48,6.3,Afternoon,Monday,March,Good
155-45-3814,Baner,Pune,Telangana,Prime,Female,"Power Bank","Electronic accessories",88.55,12,41.31,867.58,"2026-07-07 13:27:02",15:29:00,Cash,1020.1,4.761904716,41.31,8.5,Afternoon,Tuesday,July,Good
156-20-0370,"Connaught Place",Delhi,Maharashtra,Basic,Female,"Power Bank","Electronic accessories",25.45,1,1.92,57.91,"2026-04-07 15:17:10",18:10:00,UPI,29.46,4.761904716,2.76,7.3,Evening,Tuesday,April,Bad
156-95-3964,Baner,Pune,Telangana,Elite,Female,"Oreo Biscuits","Food and beverages",55.39,5,16.39,344.16,"2026-05-24 01:22:52",15:19:00,Cash,311.28,4.761904716,16.39,8,Afternoon,Sunday,May,Bad
157-13-5295,Whitefield,Bangalore,Maharashtra,Basic,Male,"Body Lotion","Health and beauty",51.94,13,48.61,1470.14,"2026-02-08 08:40:00",18:24:00,UPI,519.4,4.761904716,69.99,6.5,Evening,Sunday,February,Good
160-22-2687,Saket,Delhi,Maharashtra,Basic,Female,"Face Wash","Health and beauty",95.95,10,56.95,1581.77,"2026-06-27 08:14:09",14:21:00,Ewallet,674.02,4.761904716,75.34,8.8,Afternoon,Saturday,June,Good
162-48-8011,Powai,Mumbai,Karnataka,Prime,Female,Coca-Cola,"Food and beverages",44.59,7,21.79,457.98,"2026-04-05 06:28:58",15:10:00,"Credit Card",258.1,4.761904716,21.8,8.5,Afternoon,Sunday,April,Bad
162-65-8559,Kharadi,Pune,Maharashtra,Prime,Male,"Nescafe Coffee","Food and beverages",68.98,1,4.03,121.64,"2026-07-28 01:03:14",20:13:00,Cash,99.34,4.761904716,5.81,4.8,Evening,Tuesday,July,Bad
163-56-7055,Whitefield,Bangalore,Karnataka,Elite,Male,"Leather Wallet","Fashion accessories",48.71,1,6.55,198.51,"2026-07-05 09:40:54",19:20:00,UPI,70.14,4.761904716,9.44,4.1,Evening,Sunday,July,Bad
166-19-2553,Whitefield,Bangalore,Karnataka,Basic,Male,"Yoga Mat","Sports and travel",89.06,17,112.48,3400.99,"2026-07-01 06:27:52",17:26:00,UPI,1562.03,4.761904716,161.98,9.9,Evening,Wednesday,July,Good
169-52-4504,Andheri,Mumbai,Maharashtra,Elite,Female,"USB Flash Drive","Electronic accessories",15.69,11,11.66,245,"2026-11-10 11:41:24",14:13:00,"Credit Card",179.49,4.761904716,11.66,8.4,Afternoon,Tuesday,November,Bad
172-42-8274,Kharadi,Pune,Telangana,Basic,Female,"Mechanical Keyboard","Electronic accessories",38.27,8,11.83,357.52,"2026-11-10 19:56:04",18:18:00,Cash,291.91,4.761904716,17.04,7.7,Evening,Tuesday,November,Bad
173-50-1108,Koramangala,Bangalore,Maharashtra,Elite,Female,"Cricket Bat","Sports and travel",20.18,12,17,356.77,"2026-07-30 09:32:49",12:14:00,UPI,235.96,4.761904716,17,5,Afternoon,Thursday,July,Bad
173-57-2300,Rohini,Delhi,Karnataka,Basic,Male,"Gym Bag","Sports and travel",72.88,3,14.25,299.43,"2026-04-04 01:58:58",12:51:00,UPI,168.74,4.761904716,14.25,6.1,Afternoon,Saturday,April,Bad
173-82-9529,Gachibowli,Hyderabad,Maharashtra,Basic,Female,"Wrist Watch","Fashion accessories",37.95,14,27.32,758.86,"2026-08-25 23:45:13",14:51:00,Cash,546.48,4.761904716,36.14,9.7,Afternoon,Tuesday,August,Good
174-36-3675,Andheri,Mumbai,Maharashtra,Basic,Male,Coca-Cola,"Food and beverages",99.37,3,20.15,609.4,"2026-01-03 01:28:18",17:29:00,"Credit Card",238.49,4.761904716,29,5.2,Evening,Saturday,January,Bad
174-64-0215,Whitefield,Bangalore,Maharashtra,Basic,Male,"Gym Bag","Sports and travel",69.74,13,58.13,1757.78,"2026-04-16 06:10:45",17:49:00,UPI,807.32,4.761904716,83.71,8.9,Evening,Thursday,April,Good
174-75-0888,Kharadi,Pune,Telangana,Basic,Male,"Bluetooth Speaker","Electronic accessories",21.58,12,11.05,323.13,"2026-06-04 08:09:41",12:32:00,Cash,272.87,4.761904716,15.39,6.7,Afternoon,Thursday,June,Bad
175-54-2529,"Banjara Hills",Hyderabad,Telangana,Elite,Male,"Lay's Chips","Food and beverages",22.17,14,16.18,489.81,"2026-06-07 03:27:21",17:01:00,"Credit card",249.18,4.761904716,23.32,9.6,Evening,Sunday,June,Bad
176-64-7711,Indiranagar,Bangalore,Telangana,Basic,Male,"Tropicana Juice","Food and beverages",32.32,3,9.82,296.57,"2026-06-03 16:12:39",19:11:00,"Credit card",136.23,4.761904716,14.12,4.3,Evening,Wednesday,June,Bad
176-78-1170,Baner,Pune,Maharashtra,Prime,Male,"Body Lotion","Health and beauty",33.81,3,4.1,86.27,"2026-02-11 12:54:10",15:11:00,Cash,101.43,4.761904716,4.1,7.3,Afternoon,Wednesday,February,Bad
181-82-6255,"Banjara Hills",Hyderabad,Maharashtra,Prime,Female,"Wall Clock","Home and lifestyle",16.37,18,15.71,267.75,"2026-05-08 03:15:22",10:58:00,Cash,314.85,4.761904716,12.72,7,Morning,Friday,May,Bad
181-94-6432,Andheri,Mumbai,Karnataka,Prime,Male,"Wrist Watch","Fashion accessories",69.33,2,12.97,392.46,"2026-08-18 17:44:39",19:05:00,Ewallet,199.67,4.761904716,18.68,9.7,Evening,Tuesday,August,Bad
182-52-7000,Whitefield,Bangalore,Delhi,Elite,Female,"Yoga Mat","Sports and travel",27.04,7,14.2,429.19,"2026-10-23 19:49:59",20:26:00,Ewallet,197.13,4.761904716,20.44,6.9,Evening,Friday,October,Bad
182-69-8360,Whitefield,Bangalore,Karnataka,Prime,Female,"USB Flash Drive","Electronic accessories",23.65,6,9.82,205.98,"2026-09-15 01:08:05",13:32:00,UPI,136.22,4.761904716,9.82,7.8,Afternoon,Tuesday,September,Bad
182-88-2763,Indiranagar,Bangalore,Karnataka,Prime,Male,"Nescafe Coffee","Food and beverages",79.91,5,26.92,814.24,"2026-02-14 11:03:49",19:28:00,"Credit card",287.68,4.761904716,38.77,5,Evening,Saturday,February,Bad
183-21-3799,Rohini,Delhi,Maharashtra,Elite,Female,"Bluetooth Speaker","Electronic accessories",77.63,34,173.19,3636.96,"2026-12-11 07:59:56",15:14:00,UPI,2664.42,4.761904716,173.19,8.4,Afternoon,Friday,December,Good
183-56-6882,Gachibowli,Hyderabad,Telangana,Prime,Female,"Oreo Biscuits","Food and beverages",99.42,3,18.55,315.61,"2026-11-02 04:24:20",10:42:00,Ewallet,371.08,4.761904716,15.03,7.5,Morning,Monday,November,Good
186-09-3669,Whitefield,Bangalore,Maharashtra,Elite,Female,"Face Wash","Health and beauty",81.51,1,12.86,289.83,"2026-05-29 11:42:56",10:57:00,UPI,178.93,4.761904716,13.79,9.2,Morning,Friday,May,Bad
186-43-8965,Kharadi,Pune,Maharashtra,Elite,Female,"Table Lamp","Home and lifestyle",47.68,3,5.82,98.87,"2026-03-21 14:56:53",10:10:00,Cash,110.4,4.761904716,4.71,4.1,Morning,Saturday,March,Bad
186-71-5196,"Hitech City",Hyderabad,Delhi,Basic,Female,Coca-Cola,"Food and beverages",79.54,2,11.18,337.93,"2026-06-18 10:34:18",16:30:00,Ewallet,223.5,4.761904716,16.09,6.2,Evening,Thursday,June,Bad
186-79-9562,"Connaught Place",Delhi,Delhi,Basic,Male,"Body Lotion","Health and beauty",71.77,12,59.51,1249.81,"2026-10-26 18:19:51",14:06:00,UPI,915.61,4.761904716,59.51,8.9,Afternoon,Monday,October,Good
187-83-5490,"Connaught Place",Delhi,Maharashtra,Basic,Male,"Bluetooth Speaker","Electronic accessories",20.77,4,7.59,221.83,"2026-05-15 13:08:37",13:47:00,Cash,116.73,4.761904716,10.57,8.1,Afternoon,Friday,May,Bad
188-55-0967,Hinjawadi,Pune,Maharashtra,Basic,Male,Sunscreen,"Health and beauty",66.47,14,38.76,814.07,"2026-08-20 12:45:03",15:01:00,"Credit card",957.17,4.761904716,38.76,5,Afternoon,Thursday,August,Good
189-08-9157,Powai,Mumbai,Delhi,Elite,Female,"Wrist Watch","Fashion accessories",31.73,36,74,2959.49,"2026-10-02 03:58:32",16:17:00,"Credit card",1138.48,4.761904716,140.92,5.9,Evening,Friday,October,Bad
189-17-4241,Koramangala,Bangalore,Maharashtra,Basic,Female,Handbag,"Fashion accessories",87.67,2,18.17,504.9,"2026-07-28 08:46:38",12:17:00,UPI,252.49,4.761904716,24.02,7.7,Afternoon,Tuesday,July,Bad
189-40-5216,Whitefield,Bangalore,Karnataka,Elite,Male,"Power Bank","Electronic accessories",96.37,5,36.43,862.78,"2026-02-10 10:59:26",11:40:00,Cash,505.94,4.761904716,41.09,7,Morning,Tuesday,February,Good
189-52-0236,Bandra,Mumbai,Karnataka,Prime,Male,"Wireless Mouse","Electronic accessories",99.55,25,172.73,5050.88,"2026-12-16 09:49:30",12:07:00,"Credit Card",2657.49,4.761904716,240.53,8,Afternoon,Wednesday,December,Good
189-55-2313,Powai,Mumbai,Maharashtra,Prime,Female,"Wrist Watch","Fashion accessories",62.18,13,46.77,1052.54,"2026-03-06 15:45:35",10:33:00,Ewallet,719.81,4.761904716,50.13,6,Morning,Friday,March,Good
189-98-2939,Andheri,Mumbai,Maharashtra,Elite,Male,"Baseball Cap","Fashion accessories",78.55,36,183.2,3847.12,"2026-10-02 19:00:46",13:22:00,Cash,2818.41,4.761904716,183.2,7.2,Afternoon,Friday,October,Good
190-14-3147,Koramangala,Bangalore,Maharashtra,Elite,Female,Sunscreen,"Health and beauty",17.97,6,7.44,298.06,"2026-09-14 03:24:20",20:43:00,UPI,103.51,4.761904716,14.17,6.4,Evening,Monday,September,Bad
190-59-3964,Kharadi,Pune,Delhi,Prime,Male,Coca-Cola,"Food and beverages",47.16,7,13.75,288.79,"2026-08-07 13:35:28",14:35:00,Cash,339.55,4.761904716,13.76,6,Afternoon,Friday,August,Bad
191-10-6171,Baner,Pune,Delhi,Basic,Female,Handbag,"Fashion accessories",39.62,7,11.23,311.95,"2026-01-14 11:35:01",13:18:00,Cash,277.34,4.761904716,14.86,7.5,Afternoon,Wednesday,January,Bad
191-29-0321,Powai,Mumbai,Maharashtra,Elite,Female,"Wrist Watch","Fashion accessories",19.77,13,14.87,594.91,"2026-04-22 01:46:18",18:57:00,"Credit card",228.87,4.761904716,28.35,5,Evening,Wednesday,April,Bad
192-98-7397,Whitefield,Bangalore,Delhi,Basic,Male,"Leather Wallet","Fashion accessories",12.78,1,1.3,27.14,"2026-06-16 01:24:41",14:11:00,UPI,17.95,4.761904716,1.3,9.5,Afternoon,Tuesday,June,Bad
195-06-0432,"Hitech City",Hyderabad,Maharashtra,Prime,Male,"Storage Basket","Home and lifestyle",81.01,5,22.14,465.08,"2026-12-04 10:52:23",12:55:00,"Credit card",442.92,4.761904716,22.14,9.3,Afternoon,Friday,December,Bad
196-01-2849,"Hitech City",Hyderabad,Maharashtra,Prime,Female,Sunglasses,"Fashion accessories",73.38,13,46.9,1302.73,"2026-06-27 01:53:07",13:56:00,Cash,721.66,4.761904716,62.01,9.5,Afternoon,Saturday,June,Good
197-77-7132,"Hitech City",Hyderabad,Maharashtra,Basic,Male,"USB Flash Drive","Electronic accessories",91.56,40,181.54,7645.2,"2026-12-06 09:57:52",18:22:00,Ewallet,2793.38,4.761904716,364.03,6.8,Evening,Sunday,December,Good
198-66-9832,Saket,Delhi,Delhi,Elite,Female,"Leather Wallet","Fashion accessories",72.04,2,10.84,433.57,"2026-04-15 04:21:32",19:38:00,Cash,166.78,4.761904716,20.63,9.5,Evening,Wednesday,April,Bad
198-84-7132,Bandra,Mumbai,Telangana,Basic,Male,Handbag,"Fashion accessories",40.61,9,23.76,498.89,"2026-01-19 17:08:31",13:40:00,"Credit Card",365.49,4.761904716,23.76,7,Afternoon,Monday,January,Good
199-75-8169,Whitefield,Bangalore,Maharashtra,Basic,Male,"Gym Bag","Sports and travel",15.81,13,15.98,335.86,"2026-06-01 22:28:10",12:27:00,UPI,222.12,4.761904716,15.98,8.6,Afternoon,Monday,June,Bad
200-16-5952,"Connaught Place",Delhi,Telangana,Elite,Male,"Oreo Biscuits","Food and beverages",65.65,2,11.99,362.58,"2026-06-08 08:38:36",16:46:00,Cash,184.48,4.761904716,17.27,6,Evening,Monday,June,Bad
200-40-6154,"Connaught Place",Delhi,Maharashtra,Prime,Male,"Storage Basket","Home and lifestyle",65.91,8,37.02,629.62,"2026-07-02 09:59:49",11:45:00,UPI,569.46,4.761904716,29.99,5.7,Morning,Thursday,July,Good
201-63-8275,Indiranagar,Bangalore,Delhi,Elite,Female,"Cricket Bat","Sports and travel",67.99,26,130.25,3937.86,"2026-08-02 16:09:20",16:50:00,UPI,1391.23,4.761904716,187.58,5.7,Evening,Sunday,August,Good
201-86-2184,Bandra,Mumbai,Delhi,Basic,Female,"Mechanical Keyboard","Electronic accessories",26.26,10,17.21,520.3,"2026-08-12 00:58:53",19:40:00,Cash,264.7,4.761904716,24.79,7.2,Evening,Wednesday,August,Bad
207-73-1363,"Banjara Hills",Hyderabad,Maharashtra,Prime,Male,Sunscreen,"Health and beauty",69.51,4,15.28,320.44,"2026-05-15 17:14:48",12:15:00,Ewallet,305.19,4.761904716,15.28,8.1,Afternoon,Friday,May,Bad
209-61-0206,Powai,Mumbai,Delhi,Elite,Female,"Wall Clock","Home and lifestyle",42.91,21,58.14,1757.28,"2026-06-28 06:51:21",17:29:00,"Credit Card",687.72,4.761904716,83.76,6.1,Evening,Sunday,June,Bad
210-30-7976,Saket,Delhi,Maharashtra,Basic,Female,"Baseball Cap","Fashion accessories",22.32,7,10.58,237.94,"2026-12-18 23:02:40",11:16:00,UPI,162.72,4.761904716,11.34,4.1,Morning,Friday,December,Bad
210-57-1719,Indiranagar,Bangalore,Maharashtra,Prime,Female,"Body Lotion","Health and beauty",58.24,21,89.41,2483.28,"2026-11-29 16:08:26",12:34:00,UPI,955.29,4.761904716,118.25,9.7,Afternoon,Sunday,November,Good
210-67-5886,Whitefield,Bangalore,Telangana,Basic,Female,Shampoo,"Health and beauty",98.21,5,30.55,687.18,"2026-08-19 03:16:27",10:41:00,UPI,424.27,4.761904716,32.74,7.8,Morning,Wednesday,August,Bad
210-74-9613,Bandra,Mumbai,Maharashtra,Elite,Male,Handbag,"Fashion accessories",97.26,15,100.82,2117.15,"2026-10-16 12:56:34",15:33:00,Ewallet,1551,4.761904716,100.83,6.8,Afternoon,Friday,October,Good
211-05-0490,Bandra,Mumbai,Maharashtra,Prime,Female,"Bluetooth Speaker","Electronic accessories",51.92,5,19.54,410.22,"2026-04-30 00:26:43",13:42:00,"Credit Card",300.52,4.761904716,19.54,7.4,Afternoon,Thursday,April,Bad
211-30-9270,Indiranagar,Bangalore,Delhi,Elite,Male,"Body Lotion","Health and beauty",17.41,5,6.26,131.62,"2026-02-10 11:58:42",15:16:00,UPI,87.05,4.761904716,6.26,4.9,Afternoon,Tuesday,February,Bad
212-62-1842,Indiranagar,Bangalore,Karnataka,Prime,Male,"Nescafe Coffee","Food and beverages",58.26,9,45.45,1374.44,"2026-03-01 07:34:47",16:44:00,UPI,485.58,4.761904716,65.43,9.9,Evening,Sunday,March,Good
213-32-1216,Bandra,Mumbai,Telangana,Basic,Female,"Mechanical Keyboard","Electronic accessories",66.06,5,19.32,328.68,"2026-02-03 12:12:46",10:28:00,Cash,297.27,4.761904716,15.64,6.8,Morning,Tuesday,February,Good
213-72-6612,Andheri,Mumbai,Telangana,Prime,Male,"Tropicana Juice","Food and beverages",43.25,2,6.51,136.7,"2026-04-09 19:49:32",15:56:00,Cash,100.14,4.761904716,6.51,6.2,Afternoon,Thursday,April,Bad
214-17-6927,Saket,Delhi,Telangana,Prime,Female,"Lay's Chips","Food and beverages",16.48,6,7.44,225,"2026-04-27 02:46:21",18:23:00,Ewallet,114.46,4.761904716,10.72,9.9,Evening,Monday,April,Bad
214-30-2776,Bandra,Mumbai,Telangana,Basic,Female,"Bluetooth Speaker","Electronic accessories",34.49,9,20.99,634.56,"2026-08-15 18:14:57",19:44:00,"Credit Card",248.33,4.761904716,30.21,7.3,Evening,Saturday,August,Bad
217-58-1179,Whitefield,Bangalore,Delhi,Basic,Male,"Wall Clock","Home and lifestyle",62.65,7,32.88,559.37,"2026-12-09 09:46:50",11:25:00,UPI,456.72,4.761904716,26.63,4.2,Morning,Wednesday,December,Bad
218-59-9410,"Banjara Hills",Hyderabad,Karnataka,Basic,Female,"Storage Basket","Home and lifestyle",72.42,3,12.58,380.28,"2026-03-23 21:35:26",16:54:00,Ewallet,251.51,4.761904716,18.11,8.2,Evening,Monday,March,Bad
219-22-9386,Rohini,Delhi,Maharashtra,Basic,Male,"Travel Backpack","Sports and travel",99.96,16,106.59,3222.79,"2026-10-29 10:11:44",17:26:00,UPI,1639.59,4.761904716,153.49,4.2,Evening,Thursday,October,Good
219-61-4139,Koramangala,Bangalore,Karnataka,Prime,Male,"USB Flash Drive","Electronic accessories",83.08,1,8.62,362.68,"2026-08-26 23:24:01",17:16:00,Ewallet,119.64,4.761904716,17.26,7.5,Evening,Wednesday,August,Bad
220-28-1851,Andheri,Mumbai,Maharashtra,Prime,Male,"Coffee Mug","Home and lifestyle",34.73,4,8.23,248.82,"2026-12-04 16:50:50",18:14:00,"Credit Card",126.59,4.761904716,11.86,9.7,Evening,Friday,December,Bad
220-68-6701,Indiranagar,Bangalore,Delhi,Basic,Female,"Table Lamp","Home and lifestyle",77.47,6,32.12,971.57,"2026-09-25 13:29:40",16:36:00,UPI,446.23,4.761904716,46.25,4.2,Evening,Friday,September,Good
221-25-5073,Saket,Delhi,Delhi,Prime,Female,"Tropicana Juice","Food and beverages",74.66,6,27.95,475.48,"2026-08-11 08:46:24",10:39:00,Cash,430.04,4.761904716,22.65,8.5,Morning,Tuesday,August,Bad
222-42-0244,Hinjawadi,Pune,Maharashtra,Elite,Female,"Face Wash","Health and beauty",72.11,16,47.91,1330.38,"2026-12-30 21:14:38",13:53:00,"Credit card",1182.79,4.761904716,63.35,7.7,Afternoon,Wednesday,December,Good
225-32-0908,Whitefield,Bangalore,Karnataka,Prime,Female,"Yoga Mat","Sports and travel",44.86,13,45.37,1372.22,"2026-06-09 12:40:35",19:54:00,UPI,630.25,4.761904716,65.33,8.2,Evening,Tuesday,June,Good
225-98-1496,Hinjawadi,Pune,Delhi,Basic,Female,"Wrist Watch","Fashion accessories",27.02,3,4.62,128.1,"2026-05-01 01:39:29",13:01:00,Cash,113.88,4.761904716,6.1,7.1,Afternoon,Friday,May,Bad
226-31-3081,Bandra,Mumbai,Maharashtra,Prime,Female,"USB Flash Drive","Electronic accessories",15.28,10,9.06,154.28,"2026-05-09 13:24:57",10:29:00,"Credit Card",107.34,4.761904716,7.35,7.1,Morning,Saturday,May,Bad
226-34-0034,"Banjara Hills",Hyderabad,Maharashtra,Elite,Female,"Wireless Mouse","Electronic accessories",13.78,8,5.16,87.76,"2026-09-26 23:58:50",11:10:00,Ewallet,79.37,4.761904716,4.19,8.4,Morning,Saturday,September,Bad
226-71-3580,"Hitech City",Hyderabad,Maharashtra,Elite,Female,"Travel Backpack","Sports and travel",23.75,16,19.48,409.04,"2026-10-16 22:53:24",12:02:00,Cash,389.56,4.761904716,19.48,9.5,Afternoon,Friday,October,Bad
227-03-5010,Saket,Delhi,Karnataka,Prime,Female,"Table Lamp","Home and lifestyle",52.59,26,87.68,2650.69,"2026-05-26 03:05:07",19:20:00,UPI,1348.56,4.761904716,126.29,8.5,Evening,Tuesday,May,Good
227-07-4446,Rohini,Delhi,Karnataka,Elite,Female,"Power Bank","Electronic accessories",78.13,17,92.74,2804.87,"2026-06-13 20:36:38",20:51:00,UPI,1097.68,4.761904716,133.56,8.3,Evening,Saturday,June,Good
227-50-3718,Kharadi,Pune,Maharashtra,Basic,Male,Sunscreen,"Health and beauty",14.62,12,7.01,147.3,"2026-12-12 03:49:57",12:23:00,Cash,133.23,4.761904716,7.01,4.4,Afternoon,Saturday,December,Bad
227-78-1148,"Connaught Place",Delhi,Karnataka,Elite,Female,"Baseball Cap","Fashion accessories",72.84,12,60.41,1677.49,"2026-12-16 07:19:22",12:44:00,Cash,929.26,4.761904716,79.88,8.4,Afternoon,Wednesday,December,Good
228-96-1411,"Hitech City",Hyderabad,Maharashtra,Basic,Female,"Tropicana Juice","Food and beverages",98.7,12,56.86,1719.19,"2026-08-28 08:38:40",20:39:00,Cash,1137.02,4.761904716,81.88,7.6,Evening,Friday,August,Good
232-11-3025,Baner,Pune,Telangana,Prime,Male,Football,"Sports and travel",78.77,25,75.58,1285.66,"2026-11-01 02:20:21",10:04:00,Cash,1435.59,4.761904716,61.23,6.4,Morning,Sunday,November,Good
232-16-2483,Whitefield,Bangalore,Maharashtra,Prime,Female,Football,"Sports and travel",68.12,1,8.94,187.7,"2026-12-24 14:38:47",12:28:00,UPI,124.15,4.761904716,8.94,6.8,Afternoon,Thursday,December,Bad
233-34-0817,Hinjawadi,Pune,Karnataka,Basic,Female,"Mechanical Keyboard","Electronic accessories",98.84,1,3.01,51.08,"2026-02-10 17:13:42",11:21:00,Cash,74.13,4.761904716,2.44,7.7,Morning,Tuesday,February,Bad
233-67-5758,Hinjawadi,Pune,Karnataka,Prime,Male,Shampoo,"Health and beauty",40.35,1,3.86,80.7,"2026-04-05 03:31:18",13:46:00,Ewallet,72.99,4.761904716,3.86,6.2,Afternoon,Sunday,April,Bad
234-03-4040,Gachibowli,Hyderabad,Maharashtra,Basic,Female,Coca-Cola,"Food and beverages",73.05,10,34.09,715.73,"2026-12-15 07:51:28",12:25:00,"Credit card",681.64,4.761904716,34.09,8.7,Afternoon,Tuesday,December,Good
234-36-2483,Indiranagar,Bangalore,Telangana,Elite,Male,"Body Lotion","Health and beauty",57.59,14,58.92,1237.83,"2026-10-11 21:36:13",13:51:00,UPI,629.75,4.761904716,58.92,5.1,Afternoon,Sunday,October,Good
234-65-2137,Indiranagar,Bangalore,Maharashtra,Prime,Male,"Coffee Mug","Home and lifestyle",95.58,13,79.67,1672.97,"2026-03-04 03:45:08",13:32:00,Cash,1106.46,4.761904716,79.67,4.8,Afternoon,Wednesday,March,Good
235-06-8510,Powai,Mumbai,Telangana,Basic,Male,"Table Lamp","Home and lifestyle",85.72,7,44.17,1335.04,"2026-04-08 20:51:36",20:59:00,"Credit Card",679.2,4.761904716,63.61,5.1,Evening,Wednesday,April,Bad
235-46-8343,Rohini,Delhi,Maharashtra,Prime,Male,Coca-Cola,"Food and beverages",27.66,18,33.67,572.51,"2026-07-18 02:34:22",11:26:00,UPI,398.3,4.761904716,27.27,8.9,Morning,Saturday,July,Bad
236-27-1144,Kharadi,Pune,Maharashtra,Elite,Female,"Lay's Chips","Food and beverages",16.31,9,7.22,122.68,"2026-11-28 05:08:35",10:31:00,Cash,136.97,4.761904716,5.85,8.4,Morning,Saturday,November,Bad
236-86-3015,Baner,Pune,Telangana,Elite,Male,Bedsheet,"Home and lifestyle",13.98,1,1.81,38.11,"2026-05-08 02:33:48",13:38:00,Cash,44.78,4.761904716,1.81,9.8,Afternoon,Friday,May,Bad
237-01-6122,Kharadi,Pune,Delhi,Elite,Female,"Storage Basket","Home and lifestyle",80.79,30,94.38,2854.39,"2026-06-26 02:25:08",20:31:00,"Credit card",2330.63,4.761904716,135.92,9.5,Evening,Friday,June,Good
237-44-6163,"Hitech City",Hyderabad,Maharashtra,Elite,Male,"Mechanical Keyboard","Electronic accessories",10.56,6,3.17,133.4,"2026-01-19 22:53:17",17:43:00,Cash,63.36,4.761904716,6.35,7.1,Evening,Monday,January,Bad
238-45-6950,Baner,Pune,Maharashtra,Basic,Male,"Tropicana Juice","Food and beverages",53.72,1,3.13,94.74,"2026-08-13 05:06:18",20:03:00,Ewallet,77.35,4.761904716,4.51,6.4,Evening,Thursday,August,Bad
238-49-0436,Powai,Mumbai,Maharashtra,Basic,Male,"Lip Balm","Health and beauty",32.46,20,39.68,833.51,"2026-03-22 11:00:09",13:48:00,"Credit Card",469.7,4.761904716,39.68,4.9,Afternoon,Sunday,March,Bad
239-10-7476,"Banjara Hills",Hyderabad,Telangana,Basic,Female,"Table Lamp","Home and lifestyle",77.95,8,33.67,1018.31,"2026-08-20 19:06:14",16:37:00,Ewallet,673.49,4.761904716,48.48,8,Evening,Thursday,August,Good
239-36-3640,Baner,Pune,Delhi,Basic,Male,"USB Flash Drive","Electronic accessories",45.35,5,8.26,241.66,"2026-01-29 23:57:02",13:44:00,Ewallet,204.08,4.761904716,11.51,8.2,Afternoon,Thursday,January,Bad
239-48-4278,Whitefield,Bangalore,Telangana,Elite,Male,Coca-Cola,"Food and beverages",10.13,8,6.18,187.29,"2026-10-04 19:07:33",19:35:00,Ewallet,66.17,4.761904716,8.89,8.3,Evening,Sunday,October,Bad
241-11-2261,Gachibowli,Hyderabad,Karnataka,Basic,Female,"Leather Wallet","Fashion accessories",79.86,14,56.35,1267.62,"2026-09-17 03:50:26",10:33:00,"Credit card",1126.97,4.761904716,60.36,5.5,Morning,Thursday,September,Good
241-72-9525,Koramangala,Bangalore,Maharashtra,Prime,Male,"Yoga Mat","Sports and travel",51.91,29,109.27,2294.38,"2026-09-02 20:50:18",12:21:00,Cash,1517.44,4.761904716,109.27,8.2,Afternoon,Wednesday,September,Good
241-96-5076,Rohini,Delhi,Telangana,Prime,Female,"Wall Clock","Home and lifestyle",49.1,7,26.55,558.53,"2026-05-02 01:21:53",12:58:00,"Credit card",314.78,4.761904716,26.55,6.4,Afternoon,Saturday,May,Bad
242-11-3142,Bandra,Mumbai,Maharashtra,Elite,Male,"Baseball Cap","Fashion accessories",83.77,2,12.61,381.22,"2026-04-15 06:23:10",19:57:00,Cash,193.96,4.761904716,18.16,4.6,Evening,Wednesday,April,Bad
242-55-6721,"Banjara Hills",Hyderabad,Telangana,Basic,Male,"Coffee Mug","Home and lifestyle",16.16,7,6.73,114.57,"2026-06-20 13:03:20",11:49:00,Ewallet,103.61,4.761904716,5.45,6.5,Morning,Saturday,June,Bad
243-47-2663,Rohini,Delhi,Telangana,Elite,Male,"Mechanical Keyboard","Electronic accessories",18.77,8,11.02,463.85,"2026-04-25 22:34:48",16:43:00,"Credit card",130.37,4.761904716,22.09,6.8,Evening,Saturday,April,Bad
243-55-8457,"Hitech City",Hyderabad,Telangana,Basic,Female,"Oreo Biscuits","Food and beverages",74.44,10,34.74,590.78,"2026-10-05 23:31:18",11:40:00,Ewallet,694.62,4.761904716,28.13,5.1,Morning,Monday,October,Good
244-08-0162,Powai,Mumbai,Delhi,Elite,Female,"Body Lotion","Health and beauty",34.21,14,32.03,889.31,"2026-08-14 03:41:40",13:00:00,Cash,492.62,4.761904716,42.35,5.1,Afternoon,Friday,August,Good
246-11-3901,Powai,Mumbai,Delhi,Elite,Female,"Mechanical Keyboard","Electronic accessories",32.8,40,81.3,1707.41,"2026-11-30 02:30:04",12:12:00,Cash,1250.85,4.761904716,81.3,7.2,Afternoon,Monday,November,Good
246-55-6923,Koramangala,Bangalore,Maharashtra,Prime,Female,"Wall Clock","Home and lifestyle",35.79,16,42.26,887.62,"2026-10-13 14:16:22",15:06:00,UPI,587.05,4.761904716,42.26,5.1,Afternoon,Tuesday,October,Good
247-11-2470,Saket,Delhi,Maharashtra,Elite,Female,"Wrist Watch","Fashion accessories",22.32,6,8.36,334.21,"2026-08-18 08:40:30",16:23:00,UPI,128.57,4.761904716,15.92,4.4,Evening,Tuesday,August,Bad
249-42-3782,Powai,Mumbai,Maharashtra,Basic,Male,Shampoo,"Health and beauty",70.01,9,41.47,705.37,"2026-12-02 12:22:12",11:36:00,Ewallet,637.97,4.761904716,33.59,5.5,Morning,Wednesday,December,Good
250-17-5703,"Connaught Place",Delhi,Karnataka,Basic,Male,"Tropicana Juice","Food and beverages",18.85,10,11.43,345.73,"2026-10-26 12:57:28",18:24:00,Ewallet,175.89,4.761904716,16.46,5.6,Evening,Monday,October,Bad
250-81-7186,"Hitech City",Hyderabad,Karnataka,Basic,Female,"Power Bank","Electronic accessories",99.69,1,5.76,98.15,"2026-04-01 14:52:13",10:23:00,"Credit card",115.4,4.761904716,4.68,6.9,Morning,Wednesday,April,Bad
252-56-2699,Gachibowli,Hyderabad,Karnataka,Prime,Male,Coca-Cola,"Food and beverages",43.19,17,39.44,1192.7,"2026-05-10 21:54:59",16:48:00,Ewallet,606.79,4.761904716,56.8,8.2,Evening,Sunday,May,Good
253-12-6086,Koramangala,Bangalore,Delhi,Basic,Female,Football,"Sports and travel",98.4,20,144.97,3044.42,"2026-07-03 18:34:49",12:43:00,UPI,2013.5,4.761904716,144.97,8.7,Afternoon,Friday,July,Good
254-31-0042,Saket,Delhi,Delhi,Prime,Male,"Bluetooth Speaker","Electronic accessories",21.5,12,17.68,516.7,"2026-05-13 11:46:45",12:46:00,"Credit card",271.86,4.761904716,24.6,8.3,Afternoon,Wednesday,May,Bad
256-08-8343,Baner,Pune,Maharashtra,Elite,Female,"Coffee Mug","Home and lifestyle",56.53,14,29.36,887.66,"2026-05-14 08:34:54",19:48:00,Cash,724.8,4.761904716,42.28,5.5,Evening,Thursday,May,Bad
256-58-3609,Koramangala,Bangalore,Telangana,Prime,Male,"Baseball Cap","Fashion accessories",91.98,1,13.34,280.36,"2026-09-09 09:02:31",15:29:00,Cash,185.44,4.761904716,13.34,9.8,Afternoon,Wednesday,September,Bad
257-60-7754,"Connaught Place",Delhi,Maharashtra,Prime,Female,"Wireless Mouse","Electronic accessories",50.23,18,64.77,1957.89,"2026-10-25 22:33:43",17:12:00,Cash,766.21,4.761904716,93.22,8.4,Evening,Sunday,October,Bad
257-73-1380,Rohini,Delhi,Telangana,Elite,Male,Football,"Sports and travel",82.93,5,32.45,981.23,"2026-04-05 11:18:09",16:51:00,Ewallet,384.02,4.761904716,46.75,9.6,Evening,Sunday,April,Good
258-69-7810,"Connaught Place",Delhi,Telangana,Prime,Female,"Wrist Watch","Fashion accessories",36.85,7,17.24,689.72,"2026-07-31 11:41:27",18:53:00,Cash,265.32,4.761904716,32.84,9.2,Evening,Friday,July,Bad
258-92-7466,Koramangala,Bangalore,Maharashtra,Elite,Female,Sunscreen,"Health and beauty",35.68,7,18.49,739.73,"2026-09-11 00:24:21",18:33:00,"Credit card",256.9,4.761904716,35.2,6.6,Evening,Friday,September,Bad
261-12-8671,"Connaught Place",Delhi,Delhi,Elite,Female,"Leather Wallet","Fashion accessories",60.96,4,14.44,577.6,"2026-12-31 22:29:43",19:39:00,UPI,222.2,4.761904716,27.52,4.9,Evening,Thursday,December,Bad
262-47-2794,Indiranagar,Bangalore,Delhi,Basic,Male,Bedsheet,"Home and lifestyle",71.86,12,59.6,1251.67,"2026-09-11 15:45:36",15:07:00,"Credit card",827.83,4.761904716,59.6,6.2,Afternoon,Friday,September,Good
263-10-3913,Bandra,Mumbai,Maharashtra,Basic,Male,"Wrist Watch","Fashion accessories",49.04,12,43.17,906.65,"2026-03-15 00:58:51",14:20:00,"Credit Card",510.93,4.761904716,43.19,8.6,Afternoon,Sunday,March,Good
263-12-5321,Indiranagar,Bangalore,Maharashtra,Elite,Male,"Power Bank","Electronic accessories",92.6,10,67.2,1965.11,"2026-08-07 20:48:02",12:52:00,"Credit card",933.41,4.761904716,93.57,6.6,Afternoon,Friday,August,Good
263-87-5680,Koramangala,Bangalore,Karnataka,Basic,Female,"Wall Clock","Home and lifestyle",28.53,14,29.58,894.52,"2026-07-17 02:23:00",17:38:00,UPI,410.83,4.761904716,42.6,7.8,Evening,Friday,July,Bad
266-20-6657,Powai,Mumbai,Telangana,Prime,Male,"Nescafe Coffee","Food and beverages",55.04,6,23.36,706.67,"2026-11-17 02:04:53",19:39:00,"Credit Card",359.51,4.761904716,33.65,5.2,Evening,Tuesday,November,Good
266-76-6436,Kharadi,Pune,Delhi,Basic,Female,"Lay's Chips","Food and beverages",38.6,2,4.37,91.9,"2026-10-21 18:05:55",13:57:00,Ewallet,108.06,4.761904716,4.37,7.5,Afternoon,Wednesday,October,Bad
267-62-7380,Hinjawadi,Pune,Maharashtra,Elite,Male,"Mechanical Keyboard","Electronic accessories",82.34,13,46.85,1972.71,"2026-05-13 13:08:22",19:12:00,Ewallet,1156.83,4.761904716,93.94,7.2,Evening,Wednesday,May,Good
268-03-6164,Bandra,Mumbai,Maharashtra,Basic,Male,"Face Wash","Health and beauty",96.11,1,9,272.03,"2026-08-26 14:45:58",16:28:00,"Credit Card",138.4,4.761904716,12.95,7.8,Evening,Wednesday,August,Bad
268-20-3585,Rohini,Delhi,Maharashtra,Prime,Female,"Body Lotion","Health and beauty",13.85,12,10.53,292.51,"2026-02-14 18:17:57",12:50:00,Ewallet,124.65,4.761904716,13.94,6,Afternoon,Saturday,February,Bad
268-27-6179,Kharadi,Pune,Delhi,Elite,Female,"Wrist Watch","Fashion accessories",56.47,14,33.41,928.05,"2026-06-13 22:47:26",14:57:00,Ewallet,634.69,4.761904716,44.21,7.3,Afternoon,Saturday,June,Good
269-04-5750,"Banjara Hills",Hyderabad,Delhi,Prime,Male,"Baseball Cap","Fashion accessories",73.82,4,20.74,627.24,"2026-05-29 04:19:38",18:31:00,Cash,414.85,4.761904716,29.88,6.7,Evening,Friday,May,Bad
269-10-8440,"Connaught Place",Delhi,Maharashtra,Prime,Male,Sunscreen,"Health and beauty",53.17,10,34.84,1053.47,"2026-09-07 21:06:18",18:01:00,Cash,535.96,4.761904716,50.17,8.9,Evening,Monday,September,Good
271-77-8740,"Connaught Place",Delhi,Karnataka,Basic,Female,Football,"Sports and travel",29.22,9,16.02,272.34,"2026-05-06 02:03:12",11:40:00,UPI,246.31,4.761904716,12.98,5,Morning,Wednesday,May,Bad
271-88-8734,Bandra,Mumbai,Maharashtra,Basic,Female,"Baseball Cap","Fashion accessories",97.21,17,115.41,3205.07,"2026-05-24 17:04:06",13:00:00,"Credit card",1365.73,4.761904716,152.63,8.7,Afternoon,Sunday,May,Good
272-27-9238,Whitefield,Bangalore,Maharashtra,Elite,Female,"Tropicana Juice","Food and beverages",41.24,5,21.7,655.97,"2026-05-17 17:49:04",16:23:00,UPI,231.76,4.761904716,31.27,7.1,Evening,Sunday,May,Bad
272-65-1806,Kharadi,Pune,Maharashtra,Basic,Female,"Mechanical Keyboard","Electronic accessories",60.88,13,31.96,966.31,"2026-08-03 16:55:23",17:17:00,Cash,789,4.761904716,46.02,7.8,Evening,Monday,August,Good
273-16-6619,Bandra,Mumbai,Telangana,Elite,Male,"Storage Basket","Home and lifestyle",33.2,4,7.87,165.18,"2026-10-07 17:10:45",12:20:00,"Credit Card",121.01,4.761904716,7.87,4.4,Afternoon,Wednesday,October,Bad
273-84-2164,Powai,Mumbai,Delhi,Basic,Male,"Bluetooth Speaker","Electronic accessories",12.05,5,4.54,132.58,"2026-04-13 06:06:00",15:53:00,Ewallet,69.74,4.761904716,6.32,7,Afternoon,Monday,April,Bad
274-05-5470,Kharadi,Pune,Delhi,Elite,Female,"Tropicana Juice","Food and beverages",73.47,5,21.74,657.36,"2026-06-06 09:17:17",18:30:00,Cash,412.89,4.761904716,31.29,6,Evening,Saturday,June,Bad
275-28-0149,Whitefield,Bangalore,Karnataka,Prime,Male,"Gym Bag","Sports and travel",63.69,1,13.39,405.31,"2026-08-24 01:34:19",16:21:00,UPI,186.18,4.761904716,19.3,6,Evening,Monday,August,Bad
276-54-0879,"Banjara Hills",Hyderabad,Maharashtra,Basic,Male,"Yoga Mat","Sports and travel",97.74,5,35.7,1079.65,"2026-05-23 18:16:37",19:53:00,Ewallet,549.28,4.761904716,51.4,6.4,Evening,Saturday,May,Good
276-75-6884,"Banjara Hills",Hyderabad,Maharashtra,Elite,Female,"Lip Balm","Health and beauty",68.71,5,14.84,333.86,"2026-08-20 21:06:56",10:05:00,Cash,296.83,4.761904716,15.89,8.7,Morning,Thursday,August,Bad
277-35-5865,Koramangala,Bangalore,Delhi,Basic,Female,"Nescafe Coffee","Food and beverages",98.97,13,92.35,1570.88,"2026-07-02 20:42:13",11:23:00,UPI,1282.66,4.761904716,74.8,6.7,Morning,Thursday,July,Good
277-63-2961,Baner,Pune,Maharashtra,Basic,Male,"Gym Bag","Sports and travel",73.97,1,7.08,149.06,"2026-10-24 11:19:40",15:53:00,"Credit card",134.81,4.761904716,7.09,5.4,Afternoon,Saturday,October,Bad
278-86-2735,Whitefield,Bangalore,Delhi,Prime,Female,"Tropicana Juice","Food and beverages",52.34,2,10.55,221.54,"2026-12-04 04:53:50",14:03:00,Cash,146.52,4.761904716,10.55,9.2,Afternoon,Friday,December,Bad
278-97-7759,Gachibowli,Hyderabad,Maharashtra,Basic,Female,"Power Bank","Electronic accessories",62.48,1,3.61,109.36,"2026-04-01 15:06:02",20:29:00,Cash,72.32,4.761904716,5.22,7.1,Evening,Wednesday,April,Bad
279-62-1445,"Hitech City",Hyderabad,Delhi,Elite,Female,"Leather Wallet","Fashion accessories",12.54,1,0.87,24.47,"2026-05-27 02:50:13",12:38:00,Cash,17.61,4.761904716,1.17,8.2,Afternoon,Wednesday,May,Bad
279-74-2924,Andheri,Mumbai,Maharashtra,Elite,Male,"USB Flash Drive","Electronic accessories",72.17,1,6.58,277.48,"2026-05-22 13:59:44",19:40:00,Cash,101.39,4.761904716,13.22,8.1,Evening,Friday,May,Bad
280-17-4359,Whitefield,Bangalore,Maharashtra,Prime,Male,"Lip Balm","Health and beauty",90.5,19,118.76,2493.84,"2026-10-02 00:23:00",13:48:00,UPI,1649.36,4.761904716,118.76,8.1,Afternoon,Friday,October,Good
280-35-5823,Powai,Mumbai,Telangana,Prime,Female,"Table Lamp","Home and lifestyle",86.72,1,10.27,310.68,"2026-10-27 01:19:25",18:45:00,Ewallet,158.04,4.761904716,14.78,7.9,Evening,Tuesday,October,Bad
282-35-2475,"Banjara Hills",Hyderabad,Karnataka,Elite,Female,"Gym Bag","Sports and travel",93.31,5,22.11,668.53,"2026-10-25 21:41:55",17:53:00,Cash,340.12,4.761904716,31.84,6.3,Evening,Sunday,October,Bad
283-26-5248,Andheri,Mumbai,Maharashtra,Basic,Female,"Oreo Biscuits","Food and beverages",98.52,12,76.84,2323.81,"2026-01-29 16:21:44",20:23:00,"Credit Card",1182.24,4.761904716,110.65,4.5,Evening,Thursday,January,Good
283-79-9594,"Banjara Hills",Hyderabad,Karnataka,Elite,Female,"Lay's Chips","Food and beverages",48.51,8,23.58,495.3,"2026-03-04 19:35:53",13:30:00,"Credit card",471.7,4.761904716,23.58,5.2,Afternoon,Wednesday,March,Good
284-34-9626,Gachibowli,Hyderabad,Telangana,Basic,Female,"Storage Basket","Home and lifestyle",77.04,7,21.63,367.98,"2026-07-26 09:06:16",10:39:00,"Credit card",332.81,4.761904716,17.52,7.2,Morning,Sunday,July,Bad
284-54-4231,Bandra,Mumbai,Maharashtra,Prime,Male,"Gym Bag","Sports and travel",80.93,1,7.9,239.41,"2026-03-14 20:36:19",16:08:00,"Credit Card",93.69,4.761904716,11.41,9,Evening,Saturday,March,Bad
285-68-5083,"Banjara Hills",Hyderabad,Telangana,Prime,Female,"Yoga Mat","Sports and travel",24.74,9,10.86,328.02,"2026-09-11 21:33:40",17:47:00,"Credit card",216.96,4.761904716,15.65,9.9,Evening,Friday,September,Bad
286-01-5402,Bandra,Mumbai,Telangana,Basic,Female,"Cricket Bat","Sports and travel",40.23,10,25.71,540.05,"2026-05-29 08:12:58",13:22:00,Cash,395.64,4.761904716,25.71,9.6,Afternoon,Friday,May,Bad
286-43-6208,Gachibowli,Hyderabad,Maharashtra,Elite,Female,Coca-Cola,"Food and beverages",87.8,16,72.16,2182.19,"2026-06-28 10:03:24",19:08:00,Cash,1110.17,4.761904716,103.91,9.2,Evening,Sunday,June,Good
286-62-6248,Baner,Pune,Maharashtra,Basic,Male,Handbag,"Fashion accessories",39.21,6,9.14,276.61,"2026-08-18 21:07:53",20:03:00,"Credit card",225.85,4.761904716,13.16,9,Evening,Tuesday,August,Bad
286-75-7818,Baner,Pune,Maharashtra,Basic,Male,"Leather Wallet","Fashion accessories",69.08,2,8.05,243.65,"2026-07-09 22:59:24",19:48:00,"Credit card",198.95,4.761904716,11.6,6.9,Evening,Thursday,July,Bad
287-21-9091,Whitefield,Bangalore,Maharashtra,Elite,Male,"Wall Clock","Home and lifestyle",74.67,9,56.02,952.78,"2026-03-25 06:37:36",10:55:00,Ewallet,777.96,4.761904716,45.38,9.4,Morning,Wednesday,March,Good
287-83-1405,Kharadi,Pune,Delhi,Prime,Male,Sunscreen,"Health and beauty",25.43,8,8.89,269.1,"2026-09-10 14:59:59",19:01:00,Ewallet,219.72,4.761904716,12.82,7,Evening,Thursday,September,Bad
288-38-3758,Rohini,Delhi,Telangana,Basic,Female,"Baseball Cap","Fashion accessories",84.87,3,16.55,661.86,"2026-01-20 09:21:16",18:30:00,Ewallet,254.61,4.761904716,31.52,7.4,Evening,Tuesday,January,Bad
288-62-1085,"Connaught Place",Delhi,Maharashtra,Prime,Male,Handbag,"Fashion accessories",38.54,21,49.92,1048.65,"2026-10-16 18:44:16",13:34:00,UPI,768.26,4.761904716,49.92,5.6,Afternoon,Friday,October,Bad
289-15-7034,"Hitech City",Hyderabad,Delhi,Prime,Male,Football,"Sports and travel",82.33,12,48.13,818.76,"2026-07-14 07:49:39",10:37:00,"Credit card",962.67,4.761904716,38.98,7.5,Morning,Tuesday,July,Good
289-65-5721,Indiranagar,Bangalore,Karnataka,Elite,Female,Handbag,"Fashion accessories",81.37,3,15.22,609.17,"2026-01-11 04:05:02",19:28:00,UPI,162.74,4.761904716,28.99,6.5,Evening,Sunday,January,Bad
290-68-2984,"Connaught Place",Delhi,Delhi,Prime,Male,"Table Lamp","Home and lifestyle",23.75,7,11.24,191.42,"2026-10-06 07:08:51",11:22:00,UPI,173.14,4.761904716,9.12,5.2,Morning,Tuesday,October,Bad
291-21-5991,Whitefield,Bangalore,Telangana,Prime,Male,"Face Wash","Health and beauty",61.29,8,39.91,838.13,"2026-03-16 03:02:53",14:28:00,UPI,554.3,4.761904716,39.91,7,Afternoon,Monday,March,Bad
291-32-1427,Powai,Mumbai,Maharashtra,Basic,Male,Handbag,"Fashion accessories",21.94,5,7.13,149.74,"2026-01-09 17:35:21",12:29:00,"Credit Card",109.7,4.761904716,7.13,5.3,Afternoon,Friday,January,Bad
291-55-6563,"Connaught Place",Delhi,Delhi,Prime,Female,"Wall Clock","Home and lifestyle",34.42,8,19.33,405.94,"2026-08-06 18:45:41",12:45:00,UPI,297.38,4.761904716,19.33,7.5,Afternoon,Thursday,August,Bad
291-59-1384,Andheri,Mumbai,Karnataka,Prime,Male,"Mechanical Keyboard","Electronic accessories",60.3,1,2.94,123.81,"2026-02-13 06:09:56",17:38:00,Cash,45.23,4.761904716,5.89,6.6,Evening,Friday,February,Bad
296-11-7041,Koramangala,Bangalore,Delhi,Elite,Female,"Face Wash","Health and beauty",27.07,1,3.56,142.06,"2026-12-03 20:17:40",20:07:00,UPI,49.33,4.761904716,6.79,5.3,Evening,Thursday,December,Bad
299-29-0180,"Connaught Place",Delhi,Karnataka,Elite,Female,"Coffee Mug","Home and lifestyle",52.18,23,76.1,1294.48,"2026-06-17 18:06:27",10:54:00,UPI,1170.77,4.761904716,61.61,9.3,Morning,Wednesday,June,Good
299-46-1805,"Hitech City",Hyderabad,Karnataka,Elite,Female,"Travel Backpack","Sports and travel",93.72,9,39.5,1194.52,"2026-05-26 17:23:31",16:19:00,Cash,790.03,4.761904716,56.88,4.5,Evening,Tuesday,May,Good
300-71-4605,Koramangala,Bangalore,Maharashtra,Basic,Male,"USB Flash Drive","Electronic accessories",86.04,10,56.58,1339.89,"2026-06-07 23:29:00",11:24:00,UPI,604.4,4.761904716,63.8,8.3,Morning,Sunday,June,Good
301-11-9629,Hinjawadi,Pune,Maharashtra,Basic,Female,"Cricket Bat","Sports and travel",19.1,26,20.58,350.03,"2026-08-08 01:39:26",10:43:00,Cash,390.83,4.761904716,16.68,9.7,Morning,Saturday,August,Bad
301-81-8610,Kharadi,Pune,Maharashtra,Prime,Male,Handbag,"Fashion accessories",25.42,16,15.42,466.23,"2026-07-18 12:08:18",19:42:00,Cash,292.84,4.761904716,22.22,6.7,Evening,Saturday,July,Bad
302-15-2162,"Hitech City",Hyderabad,Telangana,Basic,Male,Shampoo,"Health and beauty",46.53,11,25.43,432.75,"2026-11-25 23:42:46",10:54:00,"Credit card",508.8,4.761904716,20.61,4.3,Morning,Wednesday,November,Bad
303-96-2227,Rohini,Delhi,Maharashtra,Basic,Female,"Coffee Mug","Home and lifestyle",97.38,17,95.25,2880.55,"2026-03-28 05:17:53",17:16:00,UPI,1127.29,4.761904716,137.15,4.4,Evening,Saturday,March,Good
305-03-2383,"Hitech City",Hyderabad,Maharashtra,Elite,Female,"Tropicana Juice","Food and beverages",67.1,4,18.37,312.7,"2026-05-24 07:15:06",10:36:00,Cash,282.82,4.761904716,14.89,7.5,Morning,Sunday,May,Bad
305-14-0245,Indiranagar,Bangalore,Karnataka,Basic,Female,Bedsheet,"Home and lifestyle",94.49,34,226.77,6858.18,"2026-05-02 18:05:53",19:00:00,UPI,2422.99,4.761904716,326.53,7.5,Evening,Saturday,May,Good
305-18-3552,Indiranagar,Bangalore,Maharashtra,Prime,Male,"Storage Basket","Home and lifestyle",60.38,25,103.01,3114.72,"2026-10-10 14:35:57",16:19:00,UPI,1100.43,4.761904716,148.33,6,Evening,Saturday,October,Good
305-89-2768,Andheri,Mumbai,Telangana,Basic,Female,Bedsheet,"Home and lifestyle",21.9,7,8,241.75,"2026-09-20 18:30:14",18:43:00,Ewallet,94.61,4.761904716,11.52,4.7,Evening,Sunday,September,Bad
307-04-2070,Baner,Pune,Delhi,Prime,Female,"Baseball Cap","Fashion accessories",30.62,1,3.26,90.26,"2026-09-12 04:11:06",14:14:00,Cash,61.73,4.761904716,4.32,4.1,Afternoon,Saturday,September,Bad
307-83-9164,Andheri,Mumbai,Maharashtra,Prime,Male,Bedsheet,"Home and lifestyle",60.01,7,28.43,597.16,"2026-10-12 08:58:40",15:54:00,Cash,437.47,4.761904716,28.43,4.5,Afternoon,Monday,October,Bad
307-85-2293,Indiranagar,Bangalore,Maharashtra,Elite,Male,"Wall Clock","Home and lifestyle",50.28,7,26.06,547.36,"2026-07-14 12:55:02",13:58:00,Ewallet,362.02,4.761904716,26.06,9.7,Afternoon,Tuesday,July,Bad
308-39-1707,Indiranagar,Bangalore,Telangana,Basic,Female,"Baseball Cap","Fashion accessories",12.09,1,0.88,34.8,"2026-02-04 20:37:37",18:19:00,UPI,12.09,4.761904716,1.67,8.2,Evening,Wednesday,February,Bad
308-47-4913,Kharadi,Pune,Telangana,Prime,Female,Football,"Sports and travel",52.26,10,21.17,444.47,"2026-01-05 11:39:28",12:45:00,Cash,522.6,4.761904716,21.17,6.2,Afternoon,Monday,January,Good
308-81-0538,Gachibowli,Hyderabad,Maharashtra,Basic,Female,"Baseball Cap","Fashion accessories",73.05,5,26.68,1067.17,"2026-05-23 11:51:33",17:16:00,"Credit card",410.51,4.761904716,50.78,4.9,Evening,Saturday,May,Bad
311-13-6971,Whitefield,Bangalore,Delhi,Prime,Male,"Travel Backpack","Sports and travel",31.99,13,26.66,559.93,"2026-04-20 00:24:07",15:18:00,"Credit card",370.34,4.761904716,26.66,9.9,Afternoon,Monday,April,Good
313-66-9943,Hinjawadi,Pune,Maharashtra,Basic,Female,"Tropicana Juice","Food and beverages",29.15,4,4.92,148.79,"2026-03-09 20:54:19",20:29:00,Cash,121.49,4.761904716,7.08,7.3,Evening,Monday,March,Bad
314-23-4520,Hinjawadi,Pune,Karnataka,Elite,Male,"Face Wash","Health and beauty",81.23,12,41.97,1269.17,"2026-10-20 09:35:06",20:44:00,Cash,1036.29,4.761904716,60.43,9,Evening,Tuesday,October,Good
315-22-5665,Gachibowli,Hyderabad,Maharashtra,Prime,Female,"Table Lamp","Home and lifestyle",73.56,14,52.97,900.9,"2026-08-04 17:57:59",11:38:00,Ewallet,1059.26,4.761904716,42.91,8,Morning,Tuesday,August,Good
316-01-3952,"Connaught Place",Delhi,Maharashtra,Basic,Female,"Tropicana Juice","Food and beverages",54.27,4,16.46,345.62,"2026-12-22 15:05:58",14:16:00,Ewallet,253.21,4.761904716,16.46,4.6,Afternoon,Tuesday,December,Bad
316-55-4634,Whitefield,Bangalore,Telangana,Basic,Male,"Oreo Biscuits","Food and beverages",80.05,8,52.04,1092.91,"2026-03-22 05:11:36",12:45:00,"Credit card",556.02,4.761904716,52.04,9.4,Afternoon,Sunday,March,Good
316-66-3011,"Hitech City",Hyderabad,Telangana,Elite,Female,"Tropicana Juice","Food and beverages",47.63,12,30.12,632.36,"2026-06-03 10:46:38",12:35:00,Cash,602.25,4.761904716,30.12,5,Afternoon,Wednesday,June,Good
316-68-6352,Baner,Pune,Delhi,Elite,Female,"Lay's Chips","Food and beverages",36.36,3,3.58,60.76,"2026-12-27 14:01:45",10:00:00,Cash,67.86,4.761904716,2.9,7.1,Morning,Sunday,December,Bad
318-12-0304,Kharadi,Pune,Telangana,Elite,Male,"Leather Wallet","Fashion accessories",30.61,1,2.26,47.45,"2026-12-18 01:33:42",12:20:00,Cash,55.78,4.761904716,2.26,5.2,Afternoon,Friday,December,Bad
318-68-5053,Indiranagar,Bangalore,Delhi,Elite,Female,"Body Lotion","Health and beauty",76.99,9,46.72,1868.74,"2026-06-08 23:24:41",17:55:00,Cash,648.98,4.761904716,89,6.1,Evening,Monday,June,Good
318-81-2368,Kharadi,Pune,Telangana,Prime,Female,"USB Flash Drive","Electronic accessories",46.2,1,2.69,56.58,"2026-07-29 22:45:49",12:16:00,Cash,66.53,4.761904716,2.69,7.1,Afternoon,Wednesday,July,Bad
319-50-3348,Saket,Delhi,Karnataka,Basic,Female,"Storage Basket","Home and lifestyle",40.3,2,5.24,110.02,"2026-01-07 05:48:22",15:30:00,Ewallet,80.6,4.761904716,5.24,4.4,Afternoon,Wednesday,January,Bad
319-74-2561,Koramangala,Bangalore,Telangana,Elite,Female,"Wireless Mouse","Electronic accessories",94.64,2,15.34,463.63,"2026-02-27 01:26:43",16:55:00,UPI,212.94,4.761904716,22.09,8.3,Evening,Friday,February,Bad
320-32-8842,"Banjara Hills",Hyderabad,Maharashtra,Basic,Female,"Lay's Chips","Food and beverages",22.62,1,1.05,31.91,"2026-10-30 23:12:24",18:58:00,Cash,21.11,4.761904716,1.52,6.4,Evening,Friday,October,Bad
320-49-6392,Gachibowli,Hyderabad,Maharashtra,Elite,Female,"Power Bank","Electronic accessories",30.24,1,2.12,44.61,"2026-05-07 19:55:09",15:44:00,Cash,42.48,4.761904716,2.12,7.5,Afternoon,Thursday,May,Bad
320-85-2052,"Hitech City",Hyderabad,Telangana,Prime,Female,Football,"Sports and travel",34.81,1,1.7405,29.61,"2026-02-10 01:36:21",10:11:00,"Credit card",34.81,4.761904716,1.41,7,Morning,Tuesday,February,Bad
321-49-7382,"Banjara Hills",Hyderabad,Karnataka,Prime,Male,"Gym Bag","Sports and travel",88.31,1,4.4155,133.52,"2026-01-01 19:14:25",17:38:00,"Credit card",88.31,4.761904716,6.36,5.2,Evening,Thursday,January,Bad
322-02-2271,Saket,Delhi,Maharashtra,Elite,Female,Football,"Sports and travel",42.97,4,10.89,185.29,"2026-01-03 15:06:56",11:46:00,Cash,128.91,4.761904716,8.83,9.3,Morning,Saturday,January,Bad
324-41-6833,"Hitech City",Hyderabad,Karnataka,Prime,Female,"USB Flash Drive","Electronic accessories",30.2,6,9.06,273.97,"2026-02-16 18:02:04",19:30:00,Ewallet,181.2,4.761904716,13.04,8.3,Evening,Monday,February,Bad
324-92-3863,Baner,Pune,Delhi,Basic,Male,"Bluetooth Speaker","Electronic accessories",20.89,3,3.09,130.12,"2026-05-17 14:36:52",18:45:00,Cash,58.69,4.761904716,6.23,8.3,Evening,Sunday,May,Bad
325-77-6186,Indiranagar,Bangalore,Maharashtra,Prime,Female,"Storage Basket","Home and lifestyle",90.65,25,154.65,2630.37,"2026-12-05 19:21:50",10:53:00,UPI,1652.1,4.761904716,125.26,7.3,Morning,Saturday,December,Good
325-89-4209,Rohini,Delhi,Maharashtra,Prime,Male,"Tropicana Juice","Food and beverages",87.9,1,6.6,200,"2026-04-03 20:23:02",19:42:00,Ewallet,101.77,4.761904716,9.52,6.7,Evening,Friday,April,Bad
325-90-8763,Saket,Delhi,Maharashtra,Basic,Female,"Power Bank","Electronic accessories",46.57,13,42.54,893.09,"2026-06-26 21:01:20",13:58:00,UPI,654.27,4.761904716,42.54,8.3,Afternoon,Friday,June,Good
326-71-2155,Gachibowli,Hyderabad,Maharashtra,Basic,Female,"Yoga Mat","Sports and travel",73.95,7,26.96,458.51,"2026-12-04 23:58:11",10:02:00,Cash,539.1,4.761904716,21.83,6.1,Morning,Friday,December,Bad
326-78-5178,Koramangala,Bangalore,Karnataka,Prime,Male,"Nescafe Coffee","Food and beverages",91.4,10,83.2,1415.06,"2026-03-21 02:13:28",10:19:00,UPI,888.78,4.761904716,67.39,9.5,Morning,Saturday,March,Good
327-40-9673,Indiranagar,Bangalore,Delhi,Elite,Male,"Gym Bag","Sports and travel",72.6,11,57.16,1728.49,"2026-10-23 18:32:21",19:51:00,UPI,793.88,4.761904716,82.31,6.9,Evening,Friday,October,Good
329-62-1586,"Connaught Place",Delhi,Karnataka,Elite,Male,"Nescafe Coffee","Food and beverages",54.67,4,19.45,588.84,"2026-06-07 20:13:28",18:00:00,UPI,230.42,4.761904716,28.03,8.6,Evening,Sunday,June,Bad
333-23-2632,Andheri,Mumbai,Maharashtra,Elite,Male,Sunscreen,"Health and beauty",10.08,12,8.36,252.77,"2026-12-01 01:24:52",20:14:00,"Credit Card",128.6,4.761904716,12.02,4.2,Evening,Tuesday,December,Bad
333-73-7901,Koramangala,Bangalore,Telangana,Prime,Female,"Body Lotion","Health and beauty",54.92,16,59.21,1644.65,"2026-07-18 12:51:26",13:24:00,Ewallet,632.68,4.761904716,78.29,7.6,Afternoon,Saturday,July,Good
334-64-2006,Andheri,Mumbai,Karnataka,Prime,Female,"Storage Basket","Home and lifestyle",70.32,2,9.14,191.97,"2026-01-19 15:33:22",14:22:00,"Credit Card",140.64,4.761904716,9.14,9.6,Afternoon,Monday,January,Bad
336-78-2147,Rohini,Delhi,Telangana,Prime,Male,Bedsheet,"Home and lifestyle",63.91,10,43.2,1306.45,"2026-02-01 11:51:05",19:52:00,UPI,511.28,4.761904716,62.22,4.6,Evening,Sunday,February,Good
338-65-2210,Kharadi,Pune,Karnataka,Prime,Female,Sunscreen,"Health and beauty",68.6,20,50.26,2009.75,"2026-03-17 13:10:22",19:57:00,Cash,1240.84,4.761904716,95.76,9.1,Evening,Tuesday,March,Good
339-12-4827,Kharadi,Pune,Telangana,Elite,Female,"Wrist Watch","Fashion accessories",73.96,1,3,67.39,"2026-02-16 23:37:22",11:32:00,"Credit card",73.96,4.761904716,3.22,5,Morning,Monday,February,Bad
339-18-7061,Kharadi,Pune,Maharashtra,Prime,Female,"Leather Wallet","Fashion accessories",92.98,3,14.11,391.55,"2026-07-18 18:16:45",15:06:00,Cash,267.78,4.761904716,18.64,8,Afternoon,Saturday,July,Bad
339-38-9982,Whitefield,Bangalore,Maharashtra,Prime,Male,"Wrist Watch","Fashion accessories",59.86,3,13,272.43,"2026-03-07 14:41:57",14:55:00,Ewallet,138.6,4.761904716,13,6.7,Afternoon,Saturday,March,Bad
339-96-8318,"Banjara Hills",Hyderabad,Delhi,Elite,Male,Handbag,"Fashion accessories",81.31,13,53.27,1611.01,"2026-07-11 18:46:23",19:49:00,Ewallet,819.6,4.761904716,76.73,6.3,Evening,Saturday,July,Good
340-21-9136,Gachibowli,Hyderabad,Maharashtra,Basic,Female,"Yoga Mat","Sports and travel",40.05,4,11.26,191.43,"2026-05-04 08:23:41",11:40:00,Cash,225.06,4.761904716,9.11,9.7,Morning,Monday,May,Bad
340-66-0321,Andheri,Mumbai,Maharashtra,Basic,Male,"Wireless Mouse","Electronic accessories",36.36,6,13.62,398.06,"2026-09-24 14:32:47",13:07:00,Cash,209.44,4.761904716,18.96,8.2,Afternoon,Thursday,September,Bad
342-65-4817,Powai,Mumbai,Maharashtra,Elite,Male,"Body Lotion","Health and beauty",86.8,5,30.85,932.83,"2026-11-02 08:49:40",16:47:00,"Credit Card",474.58,4.761904716,44.45,9.9,Evening,Monday,November,Bad
343-61-3544,Rohini,Delhi,Telangana,Prime,Male,"Yoga Mat","Sports and travel",26.67,13,20.06,341.36,"2026-04-30 12:48:38",11:48:00,UPI,308.74,4.761904716,16.25,8.6,Morning,Thursday,April,Bad
343-75-9322,Rohini,Delhi,Telangana,Basic,Female,Football,"Sports and travel",11.85,23,18.02,544.74,"2026-09-08 19:57:14",16:34:00,Cash,277.11,4.761904716,25.94,4.1,Evening,Tuesday,September,Bad
343-87-0864,Kharadi,Pune,Karnataka,Prime,Male,"Body Lotion","Health and beauty",75.88,1,3.07,52.28,"2026-02-05 23:49:41",10:30:00,Cash,75.88,4.761904716,2.48,7.1,Morning,Thursday,February,Bad
345-08-4992,"Hitech City",Hyderabad,Delhi,Elite,Male,"Table Lamp","Home and lifestyle",33.99,8,14.69,308.35,"2026-09-03 09:09:02",15:37:00,"Credit card",293.68,4.761904716,14.69,7.7,Afternoon,Thursday,September,Bad
345-68-9016,Koramangala,Bangalore,Maharashtra,Elite,Female,"Yoga Mat","Sports and travel",31.67,20,43.21,1306.97,"2026-11-22 07:24:34",16:19:00,"Credit card",461.75,4.761904716,62.23,5.6,Evening,Sunday,November,Bad
346-12-3257,Koramangala,Bangalore,Delhi,Prime,Male,"Power Bank","Electronic accessories",19.24,44,61.83,2602.58,"2026-11-15 10:25:36",16:28:00,UPI,660.38,4.761904716,123.99,7.4,Evening,Sunday,November,Bad
346-84-3103,Andheri,Mumbai,Maharashtra,Basic,Female,"Mechanical Keyboard","Electronic accessories",13.22,7,6.19,187.1,"2026-07-22 11:25:28",19:26:00,Cash,95.18,4.761904716,8.9,7.8,Evening,Wednesday,July,Bad
347-34-2234,Powai,Mumbai,Telangana,Elite,Female,"Cricket Bat","Sports and travel",55.07,28,94.17,1977.66,"2026-09-18 03:13:31",13:40:00,Ewallet,1448.83,4.761904716,94.17,9.9,Afternoon,Friday,September,Good
347-56-2442,Powai,Mumbai,Maharashtra,Prime,Male,"Wall Clock","Home and lifestyle",65.82,1,6.16,129.38,"2026-07-15 06:27:44",15:33:00,Cash,94.78,4.761904716,6.16,4.1,Afternoon,Wednesday,July,Bad
347-72-6115,Bandra,Mumbai,Telangana,Elite,Female,"Cricket Bat","Sports and travel",90.74,20,120.68,3649.62,"2026-09-29 21:45:29",18:03:00,"Credit Card",1856.75,4.761904716,173.77,6.2,Evening,Tuesday,September,Good
349-97-8902,"Banjara Hills",Hyderabad,Telangana,Elite,Male,"Oreo Biscuits","Food and beverages",57.89,2,6.7,113.99,"2026-04-22 19:14:31",10:37:00,Ewallet,134.03,4.761904716,5.43,8.9,Morning,Wednesday,April,Bad
351-62-0822,Koramangala,Bangalore,Maharashtra,Basic,Female,"Leather Wallet","Fashion accessories",14.48,4,4.18,166.78,"2026-02-04 01:46:40",18:07:00,UPI,57.92,4.761904716,7.96,4.5,Evening,Wednesday,February,Bad
354-25-5821,Saket,Delhi,Maharashtra,Elite,Female,"Cricket Bat","Sports and travel",69.12,8,35.05,735.92,"2026-01-31 04:36:05",13:03:00,Cash,414.72,4.761904716,35.05,5.6,Afternoon,Saturday,January,Good
354-39-5160,Whitefield,Bangalore,Maharashtra,Prime,Female,"Storage Basket","Home and lifestyle",34.42,8,21.41,449.65,"2026-09-17 23:25:38",15:39:00,Cash,297.38,4.761904716,21.41,9.8,Afternoon,Thursday,September,Bad
355-34-6244,"Banjara Hills",Hyderabad,Maharashtra,Elite,Male,"Oreo Biscuits","Food and beverages",72.39,2,6.76,204.28,"2026-10-01 19:42:20",19:55:00,"Credit card",135.1,4.761904716,9.73,8.1,Evening,Thursday,October,Bad
355-53-5943,Bandra,Mumbai,Telangana,Prime,Female,"Wireless Mouse","Electronic accessories",68.84,23,102.39,2150.08,"2026-11-09 19:33:53",14:36:00,"Credit Card",1575.16,4.761904716,102.39,8.5,Afternoon,Monday,November,Good
356-44-8813,"Banjara Hills",Hyderabad,Karnataka,Prime,Male,"Table Lamp","Home and lifestyle",37.48,7,10.53,221,"2026-07-05 02:22:40",13:45:00,"Credit card",161.92,4.761904716,10.53,7.7,Afternoon,Sunday,July,Bad
358-88-9262,Hinjawadi,Pune,Karnataka,Elite,Female,"Oreo Biscuits","Food and beverages",87.48,8,25.79,779.79,"2026-12-20 13:05:48",18:43:00,Ewallet,489.78,4.761904716,37.14,5.1,Evening,Sunday,December,Good
359-90-3665,Powai,Mumbai,Telangana,Elite,Female,Handbag,"Fashion accessories",18.08,15,18.75,749.52,"2026-10-28 11:26:27",18:03:00,"Credit card",288.32,4.761904716,35.72,9.5,Evening,Wednesday,October,Bad
359-94-5395,Andheri,Mumbai,Maharashtra,Prime,Male,Sunscreen,"Health and beauty",92.78,1,10.98,186.97,"2026-12-01 03:30:22",10:50:00,"Credit card",169.09,4.761904716,8.89,9.8,Morning,Tuesday,December,Bad
360-39-5055,Andheri,Mumbai,Delhi,Elite,Male,"Gym Bag","Sports and travel",48.91,12,37.67,640.64,"2026-12-26 11:38:54",10:17:00,Cash,445.69,4.761904716,30.51,6.6,Morning,Saturday,December,Bad
361-59-0574,Andheri,Mumbai,Telangana,Prime,Male,"Travel Backpack","Sports and travel",90.53,11,66.14,1388.91,"2026-06-22 21:45:52",14:48:00,"Credit card",1017.51,4.761904716,66.14,6.5,Afternoon,Monday,June,Good
361-85-2571,Hinjawadi,Pune,Maharashtra,Prime,Female,"Cricket Bat","Sports and travel",89.48,5,18.12,308.21,"2026-02-12 20:41:25",10:18:00,Cash,447.4,4.761904716,14.68,7.4,Morning,Thursday,February,Good
362-58-8315,Bandra,Mumbai,Maharashtra,Prime,Male,"Baseball Cap","Fashion accessories",76.52,9,45.33,770.98,"2026-12-17 05:14:04",10:23:00,"Credit Card",697.29,4.761904716,36.73,9.9,Morning,Thursday,December,Good
364-33-8584,Andheri,Mumbai,Maharashtra,Elite,Female,"Nescafe Coffee","Food and beverages",17.63,6,7.96,167.14,"2026-03-17 09:14:39",15:27:00,"Credit Card",122.45,4.761904716,7.96,8.5,Afternoon,Tuesday,March,Bad
364-34-2972,Baner,Pune,Karnataka,Prime,Male,"Mechanical Keyboard","Electronic accessories",96.82,3,13.62,573.41,"2026-04-21 08:31:58",20:37:00,Cash,336.24,4.761904716,27.33,8.3,Evening,Tuesday,April,Bad
365-16-4334,Gachibowli,Hyderabad,Maharashtra,Basic,Female,"Oreo Biscuits","Food and beverages",26.43,8,12.83,269.32,"2026-11-14 06:55:26",14:26:00,Ewallet,197.3,4.761904716,12.83,8.9,Afternoon,Saturday,November,Bad
365-64-0515,Bandra,Mumbai,Delhi,Prime,Female,"Power Bank","Electronic accessories",46.95,19,58.21,989.85,"2026-10-30 06:45:31",10:25:00,Ewallet,895.23,4.761904716,47.15,7.8,Morning,Friday,October,Bad
366-43-6862,Saket,Delhi,Telangana,Elite,Male,"Power Bank","Electronic accessories",52.89,14,52.45,2208.16,"2026-12-02 18:06:13",16:32:00,UPI,806.81,4.761904716,105.21,7.3,Evening,Wednesday,December,Bad
366-93-0948,Whitefield,Bangalore,Karnataka,Prime,Male,"USB Flash Drive","Electronic accessories",66.35,1,3.59,84.87,"2026-01-05 19:08:21",10:46:00,"Credit card",49.76,4.761904716,4.04,6.8,Morning,Monday,January,Bad
369-82-2676,Saket,Delhi,Maharashtra,Prime,Male,"USB Flash Drive","Electronic accessories",75.66,19,93.8,3948.43,"2026-12-14 08:42:52",18:22:00,Ewallet,1442.69,4.761904716,188.09,7.4,Evening,Monday,December,Good
370-41-7321,Hinjawadi,Pune,Telangana,Elite,Male,"Body Lotion","Health and beauty",56.69,16,37.66,1138.81,"2026-12-18 17:19:20",17:24:00,Cash,929.85,4.761904716,54.24,8.4,Evening,Friday,December,Good
370-96-0655,Whitefield,Bangalore,Delhi,Elite,Female,Handbag,"Fashion accessories",49.32,11,42.96,1192.92,"2026-09-21 10:41:36",13:46:00,UPI,596.57,4.761904716,56.81,7.1,Afternoon,Monday,September,Bad
371-85-5789,"Hitech City",Hyderabad,Maharashtra,Basic,Male,"Body Lotion","Health and beauty",87.98,3,13.197,224.48,"2026-01-23 23:16:32",10:40:00,Ewallet,263.94,4.761904716,10.69,5.1,Morning,Friday,January,Bad
372-26-1506,Baner,Pune,Maharashtra,Prime,Female,Sunglasses,"Fashion accessories",23.82,7,6.96,277.78,"2026-08-31 09:59:42",19:24:00,Ewallet,171.5,4.761904716,13.25,5.4,Evening,Monday,August,Bad
372-62-5264,Whitefield,Bangalore,Delhi,Elite,Female,"Nescafe Coffee","Food and beverages",52.6,14,53.17,1116.62,"2026-02-01 04:25:37",14:42:00,UPI,568.08,4.761904716,53.17,7.6,Afternoon,Sunday,February,Good
372-94-8041,Powai,Mumbai,Delhi,Elite,Male,"Face Wash","Health and beauty",15.26,10,11.14,336.91,"2026-08-30 18:09:38",18:03:00,Ewallet,131.84,4.761904716,16.04,9.8,Evening,Sunday,August,Bad
373-09-4567,Gachibowli,Hyderabad,Karnataka,Elite,Male,Coca-Cola,"Food and beverages",77.56,10,36.18,1094.27,"2026-10-19 17:12:27",20:35:00,Ewallet,723.73,4.761904716,52.1,6.9,Evening,Monday,October,Good
373-14-0504,Kharadi,Pune,Karnataka,Prime,Female,"Travel Backpack","Sports and travel",71.63,2,6.72,141.05,"2026-03-12 19:29:59",14:33:00,Cash,165.84,4.761904716,6.72,8.8,Afternoon,Thursday,March,Bad
373-73-7910,"Hitech City",Hyderabad,Maharashtra,Basic,Male,"Yoga Mat","Sports and travel",86.31,10,42.44,721.91,"2026-06-26 23:37:44",10:37:00,Ewallet,848.81,4.761904716,34.37,5.3,Morning,Friday,June,Good
373-88-1424,Saket,Delhi,Telangana,Basic,Male,Bedsheet,"Home and lifestyle",35.81,21,48.5,1466.5,"2026-06-21 09:27:04",18:44:00,UPI,573.93,4.761904716,69.84,7.9,Evening,Sunday,June,Bad
374-17-3652,Bandra,Mumbai,Maharashtra,Basic,Female,Coca-Cola,"Food and beverages",42.82,13,36.06,757.51,"2026-07-24 14:54:53",15:26:00,"Credit Card",554.95,4.761904716,36.06,8.9,Afternoon,Friday,July,Good
374-38-5555,Saket,Delhi,Telangana,Prime,Female,"Leather Wallet","Fashion accessories",63.71,8,29.09,1163.36,"2026-06-05 06:19:08",19:30:00,UPI,447.54,4.761904716,55.4,8.5,Evening,Friday,June,Good
375-72-3056,Kharadi,Pune,Karnataka,Prime,Male,Football,"Sports and travel",63.06,3,7.66,160.9,"2026-01-15 09:49:35",15:58:00,Cash,189.18,4.761904716,7.66,7,Afternoon,Thursday,January,Bad
376-02-8238,"Hitech City",Hyderabad,Maharashtra,Prime,Male,"Storage Basket","Home and lifestyle",93.87,20,88.96,2690.19,"2026-12-05 09:49:56",18:42:00,"Credit card",1368.63,4.761904716,128.1,8.3,Evening,Saturday,December,Good
376-56-3573,Powai,Mumbai,Delhi,Prime,Female,"Leather Wallet","Fashion accessories",95.42,4,28.72,797.63,"2026-04-07 02:22:45",13:23:00,Ewallet,441.84,4.761904716,37.98,6.4,Afternoon,Tuesday,April,Good
377-79-7592,Saket,Delhi,Delhi,Basic,Female,"USB Flash Drive","Electronic accessories",44.84,17,49.09,1031.23,"2026-09-13 04:42:51",14:00:00,UPI,581.12,4.761904716,49.1,8.4,Afternoon,Sunday,September,Good
378-07-7001,"Connaught Place",Delhi,Telangana,Basic,Male,"Bluetooth Speaker","Electronic accessories",48.09,11,35.76,1505.83,"2026-11-20 20:09:23",18:23:00,"Credit card",550.19,4.761904716,71.73,7.2,Evening,Friday,November,Bad
378-24-2715,Baner,Pune,Maharashtra,Basic,Male,Bedsheet,"Home and lifestyle",53.44,2,6.23,188.5,"2026-07-17 04:32:52",20:38:00,Ewallet,153.91,4.761904716,8.96,4.1,Evening,Friday,July,Bad
379-17-6588,Rohini,Delhi,Delhi,Basic,Male,"Leather Wallet","Fashion accessories",59.61,13,44.85,762.96,"2026-04-28 01:00:08",11:07:00,Cash,690.07,4.761904716,36.34,5.3,Morning,Tuesday,April,Good
380-60-5336,Rohini,Delhi,Maharashtra,Elite,Female,"Power Bank","Electronic accessories",40.26,8,22.72,687.06,"2026-03-30 02:06:39",18:06:00,UPI,349.55,4.761904716,32.72,8.2,Evening,Monday,March,Good
380-94-4661,Gachibowli,Hyderabad,Telangana,Elite,Male,"USB Flash Drive","Electronic accessories",65.94,6,19,555.3,"2026-09-17 07:05:09",13:05:00,"Credit card",379.81,4.761904716,26.46,7.1,Afternoon,Thursday,September,Bad
381-20-0914,Saket,Delhi,Delhi,Prime,Female,"Wrist Watch","Fashion accessories",20.01,12,16.46,456.76,"2026-05-05 19:38:10",15:48:00,UPI,253.01,4.761904716,21.76,5.7,Afternoon,Tuesday,May,Bad
382-03-4532,Baner,Pune,Maharashtra,Prime,Female,"Lip Balm","Health and beauty",18.33,1,0.74,29.68,"2026-01-26 21:18:49",18:50:00,Cash,18.33,4.761904716,1.4,4.3,Evening,Monday,January,Bad
382-25-8917,Powai,Mumbai,Telangana,Elite,Male,Handbag,"Fashion accessories",42.08,6,19.01,398.96,"2026-03-27 12:14:16",12:25:00,Cash,292.28,4.761904716,19.01,8.9,Afternoon,Friday,March,Bad
384-59-6655,Andheri,Mumbai,Maharashtra,Basic,Female,"Lay's Chips","Food and beverages",98.66,7,53.86,1130.97,"2026-11-05 16:41:43",15:07:00,Cash,828.55,4.761904716,53.86,8.4,Afternoon,Thursday,November,Good
386-27-7606,Gachibowli,Hyderabad,Maharashtra,Elite,Female,"Table Lamp","Home and lifestyle",81.2,12,51.8,1087.71,"2026-12-11 15:04:23",15:59:00,"Credit card",1035.91,4.761904716,51.8,8.1,Afternoon,Friday,December,Good
387-49-4215,Indiranagar,Bangalore,Telangana,Prime,Female,"Yoga Mat","Sports and travel",48.5,3,12.13,254.66,"2026-04-24 16:07:55",12:50:00,Cash,168.44,4.761904716,12.13,6.7,Afternoon,Friday,April,Bad
388-76-2555,Gachibowli,Hyderabad,Karnataka,Elite,Male,"Cricket Bat","Sports and travel",13.69,9,5.77,121.17,"2026-06-05 02:50:56",13:59:00,Cash,115.4,4.761904716,5.77,6.3,Afternoon,Friday,June,Bad
389-25-3394,Indiranagar,Bangalore,Maharashtra,Basic,Male,"USB Flash Drive","Electronic accessories",11.81,7,6.41,269.38,"2026-04-25 04:56:34",18:06:00,Cash,68.36,4.761904716,12.81,8.2,Evening,Saturday,April,Bad
389-70-2397,Powai,Mumbai,Maharashtra,Elite,Female,"Body Lotion","Health and beauty",83.66,5,27.19,611.64,"2026-02-03 20:16:28",10:26:00,Cash,418.3,4.761904716,29.12,7.2,Morning,Tuesday,February,Good
390-17-5806,Indiranagar,Bangalore,Maharashtra,Basic,Female,"Oreo Biscuits","Food and beverages",38.42,1,3.35,101.45,"2026-12-12 04:43:50",16:33:00,Cash,35.86,4.761904716,4.84,8.6,Evening,Saturday,December,Bad
390-31-6381,Gachibowli,Hyderabad,Telangana,Prime,Male,Coca-Cola,"Food and beverages",27.22,4,4.9,102.89,"2026-02-23 03:24:40",12:37:00,Cash,97.99,4.761904716,4.9,7.3,Afternoon,Monday,February,Bad
390-80-5128,Rohini,Delhi,Maharashtra,Basic,Female,"Lip Balm","Health and beauty",19.15,1,2.26,90.05,"2026-04-09 22:14:09",17:58:00,UPI,34.65,4.761904716,4.3,9.5,Evening,Thursday,April,Bad
393-65-2792,Gachibowli,Hyderabad,Karnataka,Elite,Male,"Oreo Biscuits","Food and beverages",89.48,10,41.75,876.7,"2026-10-27 07:47:03",12:46:00,"Credit card",834.95,4.761904716,41.75,9.6,Afternoon,Tuesday,October,Good
394-30-3170,Kharadi,Pune,Telangana,Elite,Female,"Gym Bag","Sports and travel",88.43,10,37.24,1126.35,"2026-02-28 19:46:33",19:35:00,Cash,707.44,4.761904716,53.64,4.3,Evening,Saturday,February,Good
394-41-0748,Powai,Mumbai,Maharashtra,Elite,Female,"Wrist Watch","Fashion accessories",54.07,17,59.21,1644.47,"2026-08-23 17:40:59",14:55:00,"Credit Card",700.75,4.761904716,78.33,9.5,Afternoon,Sunday,August,Good
394-43-4238,Gachibowli,Hyderabad,Maharashtra,Basic,Male,"Coffee Mug","Home and lifestyle",17.77,12,10.53,221.03,"2026-10-04 13:59:50",12:42:00,"Credit card",161.93,4.761904716,10.53,5.4,Afternoon,Sunday,October,Bad
394-55-6384,Bandra,Mumbai,Karnataka,Basic,Female,Football,"Sports and travel",70.19,36,156.03,3276.81,"2026-08-22 10:47:57",13:38:00,Cash,1846.6,4.761904716,156.03,6.7,Afternoon,Saturday,August,Good
396-90-2219,Koramangala,Bangalore,Telangana,Prime,Female,"Mechanical Keyboard","Electronic accessories",14.96,11,12.1,254.23,"2026-05-01 07:12:46",12:29:00,UPI,168.13,4.761904716,12.1,7.1,Afternoon,Friday,May,Bad
397-25-8725,Saket,Delhi,Maharashtra,Basic,Female,"Lip Balm","Health and beauty",39.62,13,33.37,1334.78,"2026-07-07 15:50:54",17:54:00,UPI,513.48,4.761904716,63.55,6.8,Evening,Tuesday,July,Good
399-46-5918,Whitefield,Bangalore,Delhi,Elite,Female,"USB Flash Drive","Electronic accessories",85.98,31,188.88,5711.24,"2026-10-07 20:12:24",19:01:00,UPI,2623.11,4.761904716,271.97,8.4,Evening,Wednesday,October,Good
399-69-4630,Koramangala,Bangalore,Telangana,Basic,Male,"USB Flash Drive","Electronic accessories",22.21,23,36.6,866.66,"2026-12-01 01:17:30",10:23:00,UPI,508.2,4.761904716,41.29,8.1,Morning,Tuesday,December,Bad
400-45-1220,Whitefield,Bangalore,Delhi,Prime,Female,"Face Wash","Health and beauty",13.5,14,13.99,314.87,"2026-07-10 10:40:59",11:06:00,UPI,194.4,4.761904716,14.98,4.8,Morning,Friday,July,Bad
400-60-7251,Saket,Delhi,Telangana,Elite,Male,"Table Lamp","Home and lifestyle",74.07,1,9.01,189.28,"2026-08-30 23:21:16",12:50:00,UPI,106.66,4.761904716,9.01,9.9,Afternoon,Sunday,August,Bad
400-80-4065,Whitefield,Bangalore,Telangana,Basic,Male,Sunscreen,"Health and beauty",68.55,7,35.98,1088.06,"2026-11-18 11:35:11",20:21:00,"Credit card",499.73,4.761904716,51.82,9.2,Evening,Wednesday,November,Bad
400-89-4171,"Banjara Hills",Hyderabad,Maharashtra,Elite,Female,"Gym Bag","Sports and travel",80.97,20,76.73,1611.44,"2026-10-10 09:57:13",13:05:00,Cash,1180.55,4.761904716,76.73,9.3,Afternoon,Saturday,October,Good
401-09-4232,Koramangala,Bangalore,Maharashtra,Prime,Male,"Storage Basket","Home and lifestyle",86.69,12,73.94,2235.97,"2026-10-03 12:50:26",18:38:00,UPI,789.97,4.761904716,106.48,9.4,Evening,Saturday,October,Good
401-18-8016,Whitefield,Bangalore,Maharashtra,Prime,Female,"Travel Backpack","Sports and travel",98.13,1,9.94,300.17,"2026-05-29 10:23:21",17:36:00,UPI,137.87,4.761904716,14.3,8.9,Evening,Friday,May,Bad
404-91-5964,"Connaught Place",Delhi,Delhi,Elite,Male,"Mechanical Keyboard","Electronic accessories",74.58,25,129.4,5448.97,"2026-12-10 09:49:54",16:09:00,UPI,1990.91,4.761904716,259.42,7,Evening,Thursday,December,Good
405-31-3305,Rohini,Delhi,Maharashtra,Elite,Male,Sunglasses,"Fashion accessories",43.13,13,32.45,981.4,"2026-03-23 21:18:00",18:31:00,UPI,499.29,4.761904716,46.74,5.5,Evening,Monday,March,Good
406-46-7107,Rohini,Delhi,Telangana,Prime,Female,Bedsheet,"Home and lifestyle",96.52,11,68.6,1166.95,"2026-10-08 04:13:04",11:52:00,UPI,1055.44,4.761904716,55.57,4.5,Morning,Thursday,October,Good
407-63-8975,Whitefield,Bangalore,Karnataka,Prime,Male,Coca-Cola,"Food and beverages",73.88,8,45.96,1389.82,"2026-07-30 08:26:27",19:16:00,UPI,638.33,4.761904716,66.18,4.4,Evening,Thursday,July,Good
408-26-9866,Koramangala,Bangalore,Maharashtra,Basic,Female,"Gym Bag","Sports and travel",73.98,7,37.28,1127.52,"2026-01-12 02:25:00",16:42:00,UPI,517.86,4.761904716,53.69,4.1,Evening,Monday,January,Good
408-66-6712,Bandra,Mumbai,Karnataka,Basic,Female,"Body Lotion","Health and beauty",47.71,18,53.08,1474.71,"2026-05-30 17:56:59",14:19:00,Ewallet,628.39,4.761904716,70.27,4.4,Afternoon,Saturday,May,Bad
409-33-9708,"Banjara Hills",Hyderabad,Maharashtra,Elite,Female,"Wrist Watch","Fashion accessories",98.48,3,18.43,414.71,"2026-07-05 07:17:51",10:12:00,Ewallet,283.62,4.761904716,19.77,9.2,Morning,Sunday,July,Bad
409-49-6995,Bandra,Mumbai,Karnataka,Prime,Female,"Tropicana Juice","Food and beverages",47.27,6,17.2,292.62,"2026-12-28 01:06:14",10:17:00,Cash,264.66,4.761904716,13.93,8.8,Morning,Monday,December,Bad
410-67-1709,Saket,Delhi,Karnataka,Prime,Female,"Leather Wallet","Fashion accessories",63.88,10,49.99,1999.22,"2026-04-04 03:18:00",17:48:00,UPI,591.59,4.761904716,95.2,9.9,Evening,Saturday,April,Good
411-77-0180,Baner,Pune,Delhi,Basic,Male,"Wireless Mouse","Electronic accessories",72.2,25,78.04,3286.77,"2026-12-03 04:45:51",20:14:00,Cash,1927.38,4.761904716,156.52,8.2,Evening,Thursday,December,Good
413-20-6708,Rohini,Delhi,Telangana,Prime,Female,"Baseball Cap","Fashion accessories",51.47,1,3.87,107.57,"2026-03-24 12:49:18",15:52:00,UPI,59.58,4.761904716,5.13,8.5,Afternoon,Tuesday,March,Bad
414-12-7047,Whitefield,Bangalore,Delhi,Elite,Male,"Nescafe Coffee","Food and beverages",19.79,6,10.63,223.38,"2026-12-29 08:44:10",12:04:00,Ewallet,147.74,4.761904716,10.63,8.7,Afternoon,Tuesday,December,Bad
416-13-5917,Kharadi,Pune,Delhi,Elite,Female,"Lay's Chips","Food and beverages",97.03,4,18.33,554.46,"2026-11-03 02:35:33",16:24:00,Ewallet,452.7,4.761904716,26.4,9.3,Evening,Tuesday,November,Good
416-17-9926,Baner,Pune,Maharashtra,Basic,Female,"Mechanical Keyboard","Electronic accessories",74.22,8,22.54,473.43,"2026-01-08 18:37:58",14:42:00,Cash,556.65,4.761904716,22.55,7.5,Afternoon,Thursday,January,Good
418-02-5978,Baner,Pune,Maharashtra,Elite,Female,Shampoo,"Health and beauty",84.09,16,55.85,1256.64,"2026-10-27 18:41:40",10:54:00,Cash,1379.28,4.761904716,59.83,8,Morning,Tuesday,October,Good
418-05-0656,Saket,Delhi,Maharashtra,Elite,Female,"Wrist Watch","Fashion accessories",25.56,13,21.24,849.45,"2026-06-06 19:29:51",20:42:00,UPI,251.37,4.761904716,40.45,7.1,Evening,Saturday,June,Bad
420-04-7590,Powai,Mumbai,Karnataka,Basic,Male,"Table Lamp","Home and lifestyle",99.7,5,35.44,602.69,"2026-10-09 10:12:17",11:29:00,"Credit Card",545.12,4.761904716,28.7,4.7,Morning,Friday,October,Bad
420-11-4919,Andheri,Mumbai,Maharashtra,Basic,Female,"Nescafe Coffee","Food and beverages",71.39,4,21.66,654.67,"2026-10-23 18:24:53",19:57:00,"Credit Card",333.08,4.761904716,31.16,5.5,Evening,Friday,October,Good
420-18-8989,Bandra,Mumbai,Maharashtra,Basic,Female,"Yoga Mat","Sports and travel",51.52,14,48.93,1027.52,"2026-05-30 18:02:17",15:47:00,Cash,579.05,4.761904716,48.93,9.6,Afternoon,Saturday,May,Good
420-97-3340,Hinjawadi,Pune,Karnataka,Elite,Female,"Nescafe Coffee","Food and beverages",71.68,7,16.3,342.38,"2026-07-11 08:59:36",15:30:00,"Credit card",309.66,4.761904716,16.3,9.2,Afternoon,Saturday,July,Bad
421-95-9805,"Banjara Hills",Hyderabad,Karnataka,Prime,Female,"Wireless Mouse","Electronic accessories",28.96,1,2.18,37.08,"2026-04-19 08:31:51",10:18:00,"Credit card",33.53,4.761904716,1.77,6.6,Morning,Sunday,April,Bad
422-29-8786,"Connaught Place",Delhi,Karnataka,Elite,Female,"Coffee Mug","Home and lifestyle",67.09,12,51.65,1562.18,"2026-11-21 09:08:56",16:47:00,UPI,611.36,4.761904716,74.39,9.1,Evening,Saturday,November,Good
423-57-2993,Indiranagar,Bangalore,Maharashtra,Elite,Male,Football,"Sports and travel",93.39,8,60.7,1835.98,"2026-03-28 01:03:08",19:18:00,UPI,648.67,4.761904716,87.43,9.9,Evening,Saturday,March,Good
423-64-4619,Rohini,Delhi,Delhi,Basic,Female,"Lip Balm","Health and beauty",15.55,17,17.03,472.96,"2026-07-04 09:39:20",13:12:00,UPI,201.53,4.761904716,22.53,5,Afternoon,Saturday,July,Bad
423-80-0988,Indiranagar,Bangalore,Maharashtra,Elite,Male,"Yoga Mat","Sports and travel",76.4,2,15.46,467.41,"2026-06-29 05:59:16",19:42:00,UPI,214.68,4.761904716,22.26,6.5,Evening,Monday,June,Bad
425-85-2085,Baner,Pune,Delhi,Basic,Male,Sunscreen,"Health and beauty",54.86,12,26.32,795.94,"2026-10-10 02:51:59",16:48:00,Cash,499.92,4.761904716,37.91,9.8,Evening,Saturday,October,Bad
426-39-2418,Indiranagar,Bangalore,Delhi,Elite,Male,"Power Bank","Electronic accessories",61.41,9,46.57,1103.19,"2026-04-11 00:34:27",10:02:00,Cash,497.63,4.761904716,52.55,7.7,Morning,Saturday,April,Good
427-45-9297,"Connaught Place",Delhi,Telangana,Basic,Female,"Coffee Mug","Home and lifestyle",40.73,20,48.93,832.58,"2026-04-16 09:06:42",11:01:00,UPI,753,4.761904716,39.65,5.4,Morning,Thursday,April,Bad
428-83-5800,Powai,Mumbai,Karnataka,Basic,Female,Coca-Cola,"Food and beverages",21.08,5,6.41,109.07,"2026-01-11 23:57:24",10:25:00,Cash,75.89,4.761904716,5.19,7.3,Morning,Sunday,January,Bad
430-02-3888,Koramangala,Bangalore,Karnataka,Basic,Male,"Wireless Mouse","Electronic accessories",46.02,30,98.57,2881.97,"2026-11-28 13:10:22",15:55:00,UPI,1053.01,4.761904716,137.22,8.4,Afternoon,Saturday,November,Bad
430-53-4718,Indiranagar,Bangalore,Maharashtra,Prime,Male,"Face Wash","Health and beauty",75.37,8,43.42,911.68,"2026-01-07 10:40:25",15:46:00,"Credit card",602.96,4.761904716,43.42,8.4,Afternoon,Wednesday,January,Good
430-60-3493,Koramangala,Bangalore,Maharashtra,Prime,Female,"Wall Clock","Home and lifestyle",94.88,7,55.36,1162.5,"2026-03-03 12:14:39",14:38:00,Cash,768.85,4.761904716,55.36,4.2,Afternoon,Tuesday,March,Good
431-66-2305,Bandra,Mumbai,Maharashtra,Elite,Female,"USB Flash Drive","Electronic accessories",88.25,9,50.32,1522.14,"2026-01-17 16:34:42",20:51:00,"Credit Card",595.69,4.761904716,72.48,8.5,Evening,Saturday,January,Good
433-08-7822,Saket,Delhi,Maharashtra,Prime,Female,"Lip Balm","Health and beauty",78.89,11,64.92,2596.56,"2026-04-28 12:47:36",19:48:00,UPI,998.86,4.761904716,123.66,7.5,Evening,Tuesday,April,Good
433-75-6987,Hinjawadi,Pune,Maharashtra,Prime,Female,Sunscreen,"Health and beauty",55.97,10,22.85,913.79,"2026-09-14 21:52:02",19:06:00,Cash,564.18,4.761904716,43.53,8.9,Evening,Monday,September,Good
434-35-9162,"Connaught Place",Delhi,Telangana,Prime,Male,"Oreo Biscuits","Food and beverages",23.34,5,11.09,335.17,"2026-06-14 12:20:20",18:53:00,Ewallet,131.16,4.761904716,15.96,7.4,Evening,Sunday,June,Bad
434-83-9547,Indiranagar,Bangalore,Maharashtra,Basic,Male,Coca-Cola,"Food and beverages",38.47,13,30.78,523.6,"2026-03-23 13:38:06",11:51:00,UPI,427.53,4.761904716,24.94,7.7,Morning,Monday,March,Good
435-13-4908,Indiranagar,Bangalore,Delhi,Prime,Male,Sunglasses,"Fashion accessories",86.68,8,57.79,1747.8,"2026-03-05 04:00:58",18:04:00,UPI,802.75,4.761904716,83.23,7.2,Evening,Thursday,March,Good
436-54-4512,Baner,Pune,Maharashtra,Elite,Female,"Oreo Biscuits","Food and beverages",91.61,1,5.59,168.84,"2026-04-25 01:35:30",19:44:00,Cash,106.05,4.761904716,8.05,9.8,Evening,Saturday,April,Bad
437-53-3084,Kharadi,Pune,Delhi,Prime,Male,"Baseball Cap","Fashion accessories",99.89,3,14.78,251.38,"2026-05-23 18:05:53",11:48:00,Cash,280.67,4.761904716,11.97,7.1,Morning,Saturday,May,Bad
437-58-8131,Andheri,Mumbai,Maharashtra,Prime,Female,"Baseball Cap","Fashion accessories",73.52,2,13.75,382.23,"2026-08-07 17:32:23",13:41:00,Ewallet,211.74,4.761904716,18.19,4.6,Afternoon,Friday,August,Bad
438-01-4015,"Banjara Hills",Hyderabad,Delhi,Elite,Female,"Travel Backpack","Sports and travel",49.49,7,18.04,378.82,"2026-11-10 02:22:29",15:25:00,Ewallet,360.79,4.761904716,18.04,6.6,Afternoon,Tuesday,November,Bad
438-23-1242,Andheri,Mumbai,Maharashtra,Elite,Male,"Power Bank","Electronic accessories",75.88,25,131.66,3118.46,"2026-12-02 07:15:44",10:38:00,"Credit Card",2025.62,4.761904716,148.49,6.6,Morning,Wednesday,December,Good
439-54-7422,Kharadi,Pune,Maharashtra,Elite,Female,"Power Bank","Electronic accessories",51.19,14,31.63,956.38,"2026-10-02 20:36:39",17:15:00,"Credit card",780.87,4.761904716,45.53,7.1,Evening,Friday,October,Bad
440-59-5691,"Connaught Place",Delhi,Karnataka,Basic,Female,"Lip Balm","Health and beauty",37.15,7,16.9,469.44,"2026-01-13 14:14:52",13:12:00,UPI,260.05,4.761904716,22.36,7.7,Afternoon,Tuesday,January,Bad
441-94-7118,"Connaught Place",Delhi,Karnataka,Elite,Male,"Wireless Mouse","Electronic accessories",71.95,2,17.85,521.5,"2026-11-13 13:12:45",12:14:00,UPI,274.4,4.761904716,24.85,7.3,Afternoon,Friday,November,Bad
442-44-6497,Gachibowli,Hyderabad,Maharashtra,Prime,Male,Bedsheet,"Home and lifestyle",55.57,3,8.3355,141.79,"2026-02-26 02:48:28",11:42:00,"Credit card",166.71,4.761904716,6.75,5.9,Morning,Thursday,February,Bad
442-48-3607,Rohini,Delhi,Karnataka,Basic,Male,Coca-Cola,"Food and beverages",23.48,3,4.77,81,"2026-02-15 06:26:04",11:21:00,UPI,56.35,4.761904716,3.86,7.9,Morning,Sunday,February,Bad
443-59-0061,Bandra,Mumbai,Karnataka,Prime,Male,"Lay's Chips","Food and beverages",67.45,13,53.18,904.64,"2026-12-20 00:59:05",11:25:00,"Credit Card",629.39,4.761904716,43.1,4.2,Morning,Sunday,December,Good
443-60-9639,Whitefield,Bangalore,Maharashtra,Basic,Female,"Storage Basket","Home and lifestyle",60.87,1,15.05,316.03,"2026-04-19 08:48:06",13:24:00,UPI,160.76,4.761904716,15.05,5.5,Afternoon,Sunday,April,Bad
443-82-0585,Hinjawadi,Pune,Telangana,Basic,Female,"Body Lotion","Health and beauty",77.68,7,22.92,917.22,"2026-12-10 14:22:06",19:54:00,Cash,566.28,4.761904716,43.67,8.4,Evening,Thursday,December,Good
445-30-9252,Indiranagar,Bangalore,Karnataka,Basic,Male,"Gym Bag","Sports and travel",25.7,3,6.42,194.33,"2026-03-05 01:47:05",17:59:00,UPI,89.26,4.761904716,9.26,6.1,Evening,Thursday,March,Bad
446-47-6729,Hinjawadi,Pune,Karnataka,Basic,Male,"Leather Wallet","Fashion accessories",99.82,13,41.9,1267.2,"2026-11-07 00:35:52",18:09:00,Cash,795.91,4.761904716,60.35,6.7,Evening,Saturday,November,Bad
447-15-7839,"Connaught Place",Delhi,Maharashtra,Elite,Female,"Yoga Mat","Sports and travel",22.24,29,42.26,718.82,"2026-07-30 19:17:45",11:00:00,UPI,650.12,4.761904716,34.23,4.2,Morning,Thursday,July,Bad
448-34-8700,Bandra,Mumbai,Delhi,Prime,Male,Bedsheet,"Home and lifestyle",36.91,20,44.34,931.45,"2026-04-17 01:14:24",13:51:00,Ewallet,682.37,4.761904716,44.34,6.7,Afternoon,Friday,April,Bad
448-61-3783,Gachibowli,Hyderabad,Maharashtra,Elite,Female,"USB Flash Drive","Electronic accessories",90.02,11,50.59,1529.8,"2026-05-19 17:54:04",16:08:00,"Credit card",1011.77,4.761904716,72.86,6.8,Evening,Tuesday,May,Good
448-81-5016,"Hitech City",Hyderabad,Maharashtra,Elite,Male,"Lip Balm","Health and beauty",59.77,2,8.6,180.74,"2026-08-03 16:57:50",12:01:00,"Credit card",172.14,4.761904716,8.6,5.8,Afternoon,Monday,August,Bad
449-16-6770,Kharadi,Pune,Telangana,Prime,Male,"Body Lotion","Health and beauty",50.79,9,18.75,393.62,"2026-10-08 17:12:18",14:53:00,Cash,462.82,4.761904716,18.75,5.3,Afternoon,Thursday,October,Bad
449-27-2918,Baner,Pune,Maharashtra,Elite,Female,"Gym Bag","Sports and travel",39.12,1,1.83,31.2,"2026-04-13 06:13:10",11:02:00,"Credit card",45.29,4.761904716,1.49,9.6,Morning,Monday,April,Bad
450-28-2866,Saket,Delhi,Maharashtra,Prime,Male,"Lay's Chips","Food and beverages",17.44,10,10.36,313.07,"2026-06-14 11:19:34",19:25:00,Cash,122.51,4.761904716,14.91,8.1,Evening,Sunday,June,Bad
450-42-3339,Kharadi,Pune,Telangana,Basic,Male,"Face Wash","Health and beauty",84.61,13,44.54,1347.09,"2026-01-04 15:13:19",18:58:00,"Credit card",846.1,4.761904716,64.13,8.8,Evening,Sunday,January,Good
451-28-5717,Kharadi,Pune,Maharashtra,Basic,Female,"Table Lamp","Home and lifestyle",83.17,8,26.27,446.9,"2026-02-21 19:16:57",11:23:00,Cash,499.02,4.761904716,21.28,7.3,Morning,Saturday,February,Good
451-73-2711,Gachibowli,Hyderabad,Karnataka,Elite,Male,"Oreo Biscuits","Food and beverages",84.83,1,6.11,128.27,"2026-08-05 13:22:23",15:20:00,Ewallet,122.16,4.761904716,6.11,8.8,Afternoon,Wednesday,August,Bad
452-04-8808,Hinjawadi,Pune,Telangana,Elite,Male,"Power Bank","Electronic accessories",87.08,7,24.06,703.83,"2026-01-03 08:32:41",15:17:00,Cash,457.17,4.761904716,33.5,7.5,Afternoon,Saturday,January,Good
453-12-7053,Gachibowli,Hyderabad,Karnataka,Basic,Male,"Baseball Cap","Fashion accessories",45.74,13,27.34,827.18,"2026-10-06 17:59:31",17:38:00,"Credit card",547.06,4.761904716,39.44,6.5,Evening,Tuesday,October,Bad
453-33-6436,"Banjara Hills",Hyderabad,Delhi,Elite,Female,"Coffee Mug","Home and lifestyle",93.12,26,119.39,2030.86,"2026-06-17 00:56:57",10:09:00,Cash,2387.87,4.761904716,96.71,6.8,Morning,Wednesday,June,Good
453-63-6187,"Hitech City",Hyderabad,Maharashtra,Elite,Male,"Bluetooth Speaker","Electronic accessories",27.5,11,15.73,459.98,"2026-10-28 00:06:33",15:40:00,Ewallet,314.63,4.761904716,21.89,6.5,Afternoon,Wednesday,October,Bad
457-12-0244,Koramangala,Bangalore,Telangana,Prime,Female,"Travel Backpack","Sports and travel",35.22,17,44.47,934,"2026-07-20 17:32:00",13:49:00,Ewallet,617.73,4.761904716,44.47,6.5,Afternoon,Monday,July,Bad
457-13-1708,"Hitech City",Hyderabad,Karnataka,Basic,Male,"Baseball Cap","Fashion accessories",65.23,13,42.4,1282.16,"2026-01-03 20:09:01",19:07:00,"Credit card",652.3,4.761904716,61.06,5.2,Evening,Saturday,January,Good
457-94-0464,Baner,Pune,Karnataka,Prime,Male,"Power Bank","Electronic accessories",87.87,9,36.15,1522.15,"2026-03-07 09:03:29",20:32:00,Cash,686.62,4.761904716,72.51,7.8,Evening,Saturday,March,Good
458-10-8612,Hinjawadi,Pune,Karnataka,Prime,Male,"Lip Balm","Health and beauty",64.08,15,39.88,837.48,"2026-05-08 14:45:14",12:27:00,Ewallet,984.69,4.761904716,39.88,7.6,Afternoon,Friday,May,Good
458-41-1477,Rohini,Delhi,Telangana,Prime,Female,Shampoo,"Health and beauty",46.26,8,23.45,938,"2026-01-10 06:47:57",17:11:00,"Credit card",277.56,4.761904716,44.67,9.5,Evening,Saturday,January,Bad
458-61-0011,Rohini,Delhi,Telangana,Basic,Male,"Tropicana Juice","Food and beverages",60.3,4,22.04,666.08,"2026-05-05 20:24:04",18:43:00,UPI,338.87,4.761904716,31.73,5.8,Evening,Tuesday,May,Bad
459-45-2396,"Banjara Hills",Hyderabad,Maharashtra,Prime,Female,"Nescafe Coffee","Food and beverages",99.6,4,20.76,627.59,"2026-03-26 14:25:46",18:45:00,Cash,415.08,4.761904716,29.9,5.8,Evening,Thursday,March,Bad
459-50-7686,Saket,Delhi,Delhi,Prime,Female,"Mechanical Keyboard","Electronic accessories",23.46,8,13.77,416.39,"2026-04-26 18:33:08",19:14:00,UPI,162.95,4.761904716,19.83,6.6,Evening,Sunday,April,Bad
460-35-4390,Kharadi,Pune,Delhi,Prime,Male,Bedsheet,"Home and lifestyle",30.68,5,6.8,115.56,"2026-12-02 06:37:44",11:00:00,Cash,167.74,4.761904716,5.5,9.1,Morning,Wednesday,December,Bad
460-93-5834,Saket,Delhi,Karnataka,Prime,Male,"Yoga Mat","Sports and travel",45.58,26,78.81,1340.57,"2026-08-16 06:58:49",10:03:00,Cash,932.67,4.761904716,63.83,5,Morning,Sunday,August,Good
462-67-9126,Hinjawadi,Pune,Maharashtra,Prime,Male,"Coffee Mug","Home and lifestyle",73.22,10,33.29,1007.23,"2026-08-01 00:58:04",17:44:00,Cash,632.62,4.761904716,47.96,7.2,Evening,Saturday,August,Good
462-78-5240,Kharadi,Pune,Telangana,Elite,Female,"USB Flash Drive","Electronic accessories",26.61,2,3.02,63.59,"2026-06-15 03:33:48",14:35:00,Cash,74.77,4.761904716,3.02,7.4,Afternoon,Monday,June,Bad
466-61-5506,Gachibowli,Hyderabad,Delhi,Prime,Female,"Wireless Mouse","Electronic accessories",90.7,9,38.24,650.26,"2026-05-19 10:59:50",10:52:00,Cash,764.56,4.761904716,30.97,6.8,Morning,Tuesday,May,Good
468-01-2051,Baner,Pune,Maharashtra,Prime,Male,"Tropicana Juice","Food and beverages",62.08,8,21.11,443.52,"2026-02-24 08:52:45",13:46:00,Cash,521.47,4.761904716,21.11,5.4,Afternoon,Tuesday,February,Good
468-88-0009,Indiranagar,Bangalore,Delhi,Elite,Male,Bedsheet,"Home and lifestyle",65.94,14,60.83,1035.43,"2026-05-28 21:43:39",10:29:00,Cash,845.45,4.761904716,49.28,6,Morning,Thursday,May,Bad
468-99-7231,Hinjawadi,Pune,Maharashtra,Basic,Female,"Wall Clock","Home and lifestyle",44.01,29,48.97,1480.52,"2026-04-26 20:54:50",17:36:00,Cash,929.88,4.761904716,70.56,8.8,Evening,Sunday,April,Good
470-31-3286,Gachibowli,Hyderabad,Karnataka,Prime,Male,Sunscreen,"Health and beauty",14.82,5,4.88,83.02,"2026-05-28 09:48:56",11:30:00,"Credit card",97.61,4.761904716,3.96,8.7,Morning,Thursday,May,Bad
470-32-9057,Powai,Mumbai,Maharashtra,Prime,Male,Coca-Cola,"Food and beverages",51.34,5,20.24,425.05,"2026-10-31 22:16:23",15:31:00,"Credit Card",239.54,4.761904716,20.24,9.1,Afternoon,Saturday,October,Bad
471-06-8611,Baner,Pune,Maharashtra,Elite,Female,"Lay's Chips","Food and beverages",52.42,1,2.56,43.34,"2026-02-23 22:50:50",10:22:00,"Credit card",62.9,4.761904716,2.07,6.3,Morning,Monday,February,Bad
471-41-2823,Hinjawadi,Pune,Telangana,Elite,Male,"Lay's Chips","Food and beverages",99.79,2,9.35,282.97,"2026-04-27 17:38:38",20:37:00,Cash,231.04,4.761904716,13.48,8,Evening,Monday,April,Bad
472-15-9636,Indiranagar,Bangalore,Telangana,Prime,Male,"Wall Clock","Home and lifestyle",50.93,12,42.25,1277.42,"2026-09-21 09:36:35",19:36:00,UPI,586.72,4.761904716,60.84,9.2,Evening,Monday,September,Good
474-33-8305,Rohini,Delhi,Delhi,Basic,Male,"Wrist Watch","Fashion accessories",67.39,28,122.23,2567.12,"2026-11-03 23:47:20",13:23:00,UPI,1880.66,4.761904716,122.23,6.9,Afternoon,Tuesday,November,Good
477-24-6490,Andheri,Mumbai,Maharashtra,Basic,Female,Sunscreen,"Health and beauty",99.71,9,54.63,2184.91,"2026-06-10 05:30:16",16:52:00,Ewallet,840.52,4.761904716,104.04,7.9,Evening,Wednesday,June,Good
477-59-2456,"Banjara Hills",Hyderabad,Maharashtra,Elite,Female,"Wrist Watch","Fashion accessories",45.44,28,63.41,1426.36,"2026-10-29 10:29:04",11:15:00,Cash,1268.09,4.761904716,67.95,9.2,Morning,Thursday,October,Good
478-06-7835,Gachibowli,Hyderabad,Maharashtra,Basic,Male,Sunglasses,"Fashion accessories",89.69,1,9.04,153.78,"2026-09-16 05:39:54",11:20:00,Ewallet,180.82,4.761904716,7.32,4.9,Morning,Wednesday,September,Bad
479-26-8945,Hinjawadi,Pune,Karnataka,Elite,Female,Football,"Sports and travel",16.49,2,1.33,22.73,"2026-01-20 13:16:38",11:32:00,Cash,32.98,4.761904716,1.08,4.6,Morning,Tuesday,January,Bad
480-63-2856,Andheri,Mumbai,Delhi,Elite,Male,"Oreo Biscuits","Food and beverages",19.25,12,14.42,435.9,"2026-08-11 09:17:06",18:37:00,Ewallet,221.76,4.761904716,20.76,6.6,Evening,Tuesday,August,Bad
482-17-1179,"Hitech City",Hyderabad,Maharashtra,Prime,Male,"Bluetooth Speaker","Electronic accessories",11.94,3,1.74,51.07,"2026-02-08 08:55:10",12:47:00,"Credit card",26.87,4.761904716,2.42,7.1,Afternoon,Sunday,February,Bad
483-71-1164,Andheri,Mumbai,Maharashtra,Basic,Female,Shampoo,"Health and beauty",81.3,8,45.66,1825.99,"2026-07-16 13:54:31",16:43:00,Ewallet,702.43,4.761904716,86.95,5.3,Evening,Thursday,July,Good
484-22-8230,"Connaught Place",Delhi,Maharashtra,Elite,Female,Handbag,"Fashion accessories",51.89,7,27.33,1093.03,"2026-04-13 15:59:25",20:08:00,Cash,420.48,4.761904716,52.04,4.5,Evening,Monday,April,Good
485-30-8700,Gachibowli,Hyderabad,Maharashtra,Elite,Female,"Yoga Mat","Sports and travel",33.26,10,15.18,459.24,"2026-06-28 10:38:26",16:10:00,"Credit card",233.64,4.761904716,21.85,4.2,Evening,Sunday,June,Bad
487-79-6868,"Hitech City",Hyderabad,Maharashtra,Elite,Female,Bedsheet,"Home and lifestyle",12.29,16,10.08,304.8,"2026-10-02 10:15:34",19:28:00,"Credit card",201.58,4.761904716,14.52,8,Evening,Friday,October,Bad
488-25-4221,Bandra,Mumbai,Telangana,Elite,Female,"Nescafe Coffee","Food and beverages",30.41,1,1.85,31.37,"2026-11-19 03:09:58",10:36:00,"Credit Card",28.38,4.761904716,1.51,8.4,Morning,Thursday,November,Bad
489-64-4354,Indiranagar,Bangalore,Karnataka,Basic,Male,"Baseball Cap","Fashion accessories",16.28,1,1.18,24.61,"2026-01-05 15:49:18",15:36:00,UPI,16.28,4.761904716,1.18,5,Afternoon,Monday,January,Bad
489-82-1237,Bandra,Mumbai,Karnataka,Elite,Female,"USB Flash Drive","Electronic accessories",93.88,7,49.44,841.11,"2026-04-07 08:07:12",11:51:00,"Credit Card",760.75,4.761904716,40.05,6.7,Morning,Tuesday,April,Good
490-29-1201,"Banjara Hills",Hyderabad,Karnataka,Prime,Female,"Gym Bag","Sports and travel",15.34,1,1.4,23.78,"2026-11-26 11:53:01",11:09:00,Cash,27.96,4.761904716,1.14,6.5,Morning,Thursday,November,Bad
490-95-0021,Powai,Mumbai,Telangana,Prime,Female,"Oreo Biscuits","Food and beverages",33.21,10,20.14,422.99,"2026-10-08 08:42:33",14:25:00,Ewallet,309.9,4.761904716,20.14,6,Afternoon,Thursday,October,Good
491-38-3499,Baner,Pune,Telangana,Elite,Male,Sunglasses,"Fashion accessories",55.45,1,4.21,127.14,"2026-07-04 10:31:21",17:46:00,Cash,79.85,4.761904716,6.07,4.9,Evening,Saturday,July,Bad
493-65-6248,Koramangala,Bangalore,Maharashtra,Basic,Female,"Gym Bag","Sports and travel",36.98,29,77.84,2353.66,"2026-09-04 01:32:41",19:48:00,UPI,1080.99,4.761904716,112.1,7,Evening,Friday,September,Good
497-36-0989,Hinjawadi,Pune,Delhi,Basic,Male,"Wrist Watch","Fashion accessories",51.94,4,9.5,199.43,"2026-04-18 06:38:52",15:21:00,Cash,180.38,4.761904716,9.5,7.9,Afternoon,Saturday,April,Bad
497-37-6538,Powai,Mumbai,Telangana,Elite,Male,"Cricket Bat","Sports and travel",58.91,20,78.36,1645.42,"2026-07-03 16:24:31",15:15:00,"Credit Card",1205.44,4.761904716,78.36,9.7,Afternoon,Friday,July,Good
498-41-1961,Koramangala,Bangalore,Maharashtra,Basic,Male,"Body Lotion","Health and beauty",66.68,12,56.86,1719.84,"2026-11-29 11:56:03",18:01:00,Cash,607.62,4.761904716,81.89,7.6,Evening,Sunday,November,Good
499-27-7781,Baner,Pune,Karnataka,Elite,Female,"Tropicana Juice","Food and beverages",53.21,8,20.9,632.41,"2026-10-04 07:04:25",16:45:00,Ewallet,397.2,4.761904716,30.12,5,Evening,Sunday,October,Good
500-02-2261,Andheri,Mumbai,Maharashtra,Prime,Female,"Oreo Biscuits","Food and beverages",57.29,9,40.34,1220.17,"2026-03-15 02:59:29",17:04:00,"Credit Card",477.51,4.761904716,58.08,5.9,Evening,Sunday,March,Good
501-61-1753,Koramangala,Bangalore,Maharashtra,Elite,Female,"Storage Basket","Home and lifestyle",63.15,6,27.28,824.96,"2026-01-07 17:10:28",20:24:00,Ewallet,378.9,4.761904716,39.29,9.8,Evening,Wednesday,January,Good
502-05-1910,Indiranagar,Bangalore,Telangana,Prime,Male,Sunscreen,"Health and beauty",65.18,7,26.36,797,"2026-07-11 11:23:29",20:35:00,UPI,281.58,4.761904716,37.97,6.3,Evening,Saturday,July,Bad
503-07-0930,Saket,Delhi,Karnataka,Prime,Male,Football,"Sports and travel",58.39,12,48.42,1464.17,"2026-10-20 13:52:01",19:49:00,"Credit card",744.92,4.761904716,69.73,8.2,Evening,Tuesday,October,Good
503-21-4385,"Hitech City",Hyderabad,Karnataka,Prime,Male,Sunscreen,"Health and beauty",39.91,4,10.92,229.61,"2026-06-28 16:57:06",12:40:00,Ewallet,168.21,4.761904716,10.92,9.3,Afternoon,Sunday,June,Bad
504-35-8843,Kharadi,Pune,Maharashtra,Prime,Male,"Yoga Mat","Sports and travel",42.47,1,2.24,67.61,"2026-01-25 05:16:49",16:57:00,Cash,42.47,4.761904716,3.21,5.7,Evening,Sunday,January,Bad
505-02-0892,Andheri,Mumbai,Maharashtra,Prime,Male,"Body Lotion","Health and beauty",42.57,15,40.35,847.21,"2026-11-24 19:45:43",14:12:00,Ewallet,620.68,4.761904716,40.35,5.6,Afternoon,Tuesday,November,Good
509-10-0516,Whitefield,Bangalore,Telangana,Basic,Male,"Coffee Mug","Home and lifestyle",45.97,14,42.4,891.19,"2026-06-05 15:57:16",12:02:00,Ewallet,589.38,4.761904716,42.44,5.1,Afternoon,Friday,June,Bad
509-29-3912,"Hitech City",Hyderabad,Karnataka,Basic,Female,"Yoga Mat","Sports and travel",38.72,9,17.424,365.904,"2026-01-16 05:16:38",12:24:00,Ewallet,348.48,4.761904716,17.424,4.2,Afternoon,Friday,January,Good
510-09-5628,Koramangala,Bangalore,Maharashtra,Basic,Female,"Wrist Watch","Fashion accessories",19.66,19,25.79,1031.75,"2026-12-21 04:40:52",18:20:00,UPI,358.3,4.761904716,49.12,7.2,Evening,Monday,December,Bad
510-79-0415,"Banjara Hills",Hyderabad,Karnataka,Prime,Female,Football,"Sports and travel",23.08,6,6.924,209.38,"2026-01-23 17:26:41",19:20:00,Ewallet,138.48,4.761904716,9.97,4.9,Evening,Friday,January,Bad
510-95-6347,Andheri,Mumbai,Maharashtra,Elite,Female,"Lay's Chips","Food and beverages",48.52,4,17.29,522.57,"2026-06-13 01:19:15",18:17:00,Ewallet,204.5,4.761904716,24.87,4,Evening,Saturday,June,Bad
511-54-3087,"Hitech City",Hyderabad,Maharashtra,Elite,Male,Football,"Sports and travel",88.45,1,8.06,243.74,"2026-12-07 12:05:40",16:36:00,"Credit card",161.2,4.761904716,11.6,9.5,Evening,Monday,December,Bad
512-91-0811,"Banjara Hills",Hyderabad,Karnataka,Elite,Male,Shampoo,"Health and beauty",89.75,1,8.41,254.05,"2026-09-20 01:54:25",20:05:00,"Credit card",129.24,4.761904716,12.1,6.6,Evening,Sunday,September,Bad
512-98-1403,Saket,Delhi,Maharashtra,Elite,Female,"Mechanical Keyboard","Electronic accessories",26.48,2,4.49,76.26,"2026-03-30 23:23:08",10:40:00,Ewallet,68.97,4.761904716,3.64,7.7,Morning,Monday,March,Bad
514-37-2845,Whitefield,Bangalore,Karnataka,Basic,Male,Handbag,"Fashion accessories",99.25,3,18.58,390.17,"2026-02-22 19:09:52",13:02:00,UPI,198.5,4.761904716,18.58,9,Afternoon,Sunday,February,Bad
516-77-6464,Gachibowli,Hyderabad,Maharashtra,Basic,Female,"Lip Balm","Health and beauty",10.16,7,3.66,101.58,"2026-07-24 09:39:16",13:08:00,Ewallet,73.15,4.761904716,4.84,4.1,Afternoon,Friday,July,Bad
518-17-2983,Hinjawadi,Pune,Delhi,Prime,Female,Sunglasses,"Fashion accessories",48.63,5,14.39,399.6,"2026-05-02 10:57:28",15:44:00,Ewallet,273.28,4.761904716,19.02,7.6,Afternoon,Saturday,May,Bad
518-71-6847,"Connaught Place",Delhi,Maharashtra,Basic,Male,"Tropicana Juice","Food and beverages",26.6,6,12.01,252.2,"2026-04-14 01:18:29",15:10:00,Ewallet,184.76,4.761904716,12.01,4.9,Afternoon,Tuesday,April,Bad
521-18-7827,Saket,Delhi,Maharashtra,Basic,Male,"Wall Clock","Home and lifestyle",39.39,16,41.05,1240.91,"2026-06-02 22:14:13",20:46:00,"Credit card",631.29,4.761904716,59.09,8.7,Evening,Tuesday,June,Bad
522-57-8364,Andheri,Mumbai,Maharashtra,Basic,Male,"Baseball Cap","Fashion accessories",51.34,11,37.51,638.01,"2026-05-19 02:43:47",10:00:00,Ewallet,577.04,4.761904716,30.38,7.6,Morning,Tuesday,May,Good
523-38-0215,Andheri,Mumbai,Delhi,Elite,Male,"Coffee Mug","Home and lifestyle",37,1,10.04,210.44,"2026-06-07 19:43:58",13:29:00,"Credit card",118.58,4.761904716,10.04,7.9,Afternoon,Sunday,June,Bad
525-09-8450,Rohini,Delhi,Maharashtra,Elite,Male,"USB Flash Drive","Electronic accessories",72.13,52,232.47,6796.51,"2026-10-24 14:21:29",15:12:00,UPI,2750.75,4.761904716,323.66,7.8,Afternoon,Saturday,October,Good
525-88-7307,"Banjara Hills",Hyderabad,Maharashtra,Prime,Male,"Cricket Bat","Sports and travel",75.82,1,11.08,232.73,"2026-07-21 23:12:34",13:19:00,Cash,221.65,4.761904716,11.08,5.8,Afternoon,Tuesday,July,Bad
526-86-8552,"Hitech City",Hyderabad,Karnataka,Prime,Female,Bedsheet,"Home and lifestyle",21.82,17,16.42,496.5,"2026-03-07 23:45:37",17:36:00,Cash,252.6,4.761904716,23.65,7.1,Evening,Saturday,March,Bad
527-09-6272,"Banjara Hills",Hyderabad,Telangana,Prime,Female,"Bluetooth Speaker","Electronic accessories",28.45,8,10,169.98,"2026-06-01 02:33:38",10:17:00,"Credit card",199.85,4.761904716,8.09,7.5,Morning,Monday,June,Bad
528-14-9470,Gachibowli,Hyderabad,Maharashtra,Basic,Male,Shampoo,"Health and beauty",91.3,1,8.25,173.41,"2026-04-15 02:48:41",14:42:00,Ewallet,165.15,4.761904716,8.25,9.2,Afternoon,Wednesday,April,Bad
528-87-5606,Indiranagar,Bangalore,Maharashtra,Elite,Female,"Power Bank","Electronic accessories",39.48,1,4.09,123.78,"2026-09-22 06:22:25",19:43:00,UPI,56.86,4.761904716,5.89,7.5,Evening,Tuesday,September,Bad
529-56-3974,Baner,Pune,Telangana,Basic,Male,"Power Bank","Electronic accessories",25.51,3,3.11,130.5,"2026-02-27 23:47:48",17:03:00,Cash,76.53,4.761904716,6.23,8.3,Evening,Friday,February,Bad
530-90-9855,"Banjara Hills",Hyderabad,Telangana,Basic,Male,"Wall Clock","Home and lifestyle",47.59,26,61.02,1281.34,"2026-06-26 10:46:22",14:47:00,Cash,1220.35,4.761904716,61.02,5.7,Afternoon,Friday,June,Good
531-56-4728,Bandra,Mumbai,Delhi,Prime,Male,"Coffee Mug","Home and lifestyle",80.08,5,28.47,597.65,"2026-10-16 14:31:01",15:29:00,Cash,437.83,4.761904716,28.47,5.4,Afternoon,Friday,October,Bad
531-80-1784,Andheri,Mumbai,Maharashtra,Prime,Male,"Bluetooth Speaker","Electronic accessories",26.02,10,17.06,717.84,"2026-08-27 10:52:02",17:38:00,"Credit Card",262.28,4.761904716,34.2,6.9,Evening,Thursday,August,Bad
532-59-7201,Andheri,Mumbai,Maharashtra,Elite,Male,"Travel Backpack","Sports and travel",79.93,6,36.09,757.82,"2026-04-21 03:49:34",14:04:00,"Credit Card",555.18,4.761904716,36.09,5.5,Afternoon,Tuesday,April,Good
533-33-5337,Koramangala,Bangalore,Maharashtra,Prime,Male,"Wireless Mouse","Electronic accessories",79.39,40,218.02,9178.56,"2026-11-20 22:53:31",20:24:00,Cash,3027.62,4.761904716,437.11,6.7,Evening,Friday,November,Good
533-66-5566,Saket,Delhi,Telangana,Basic,Female,"Storage Basket","Home and lifestyle",51.07,7,23.24,395.26,"2026-02-10 16:30:42",11:42:00,UPI,357.49,4.761904716,18.83,7,Morning,Tuesday,February,Good
534-01-4457,"Connaught Place",Delhi,Maharashtra,Elite,Male,"Nescafe Coffee","Food and beverages",81.71,7,38.25,803.05,"2026-02-10 11:41:39",14:36:00,UPI,588.31,4.761904716,38.25,8,Afternoon,Tuesday,February,Good
534-53-3526,Kharadi,Pune,Telangana,Elite,Female,"Travel Backpack","Sports and travel",94.76,5,19.96,603.49,"2026-02-08 01:35:14",16:06:00,Cash,379.04,4.761904716,28.73,7.8,Evening,Sunday,February,Good
537-72-0426,Kharadi,Pune,Maharashtra,Basic,Male,"Wrist Watch","Fashion accessories",70.99,10,28.76,869.44,"2026-01-06 20:54:37",16:28:00,Cash,709.9,4.761904716,41.41,5.7,Evening,Tuesday,January,Good
538-22-0304,"Hitech City",Hyderabad,Karnataka,Basic,Male,"Power Bank","Electronic accessories",64.95,17,48.87,2057.8,"2026-04-25 23:00:51",18:27:00,Cash,751.88,4.761904716,98.01,6.6,Evening,Saturday,April,Good
539-21-7227,Bandra,Mumbai,Telangana,Prime,Female,"Travel Backpack","Sports and travel",51.54,12,39.68,1200.11,"2026-11-07 09:04:39",17:45:00,"Credit Card",469.67,4.761904716,57.12,4.2,Evening,Saturday,November,Bad
540-11-4336,"Banjara Hills",Hyderabad,Delhi,Basic,Male,"Lay's Chips","Food and beverages",24.94,12,15.77,476.8,"2026-05-04 13:20:40",16:49:00,"Credit card",315.36,4.761904716,22.7,5.6,Evening,Monday,May,Bad
541-08-3113,Saket,Delhi,Maharashtra,Prime,Male,"Lay's Chips","Food and beverages",65.97,6,32.01,967.98,"2026-10-07 03:50:55",20:29:00,Cash,492.46,4.761904716,46.1,8.4,Evening,Wednesday,October,Good
541-48-8554,"Connaught Place",Delhi,Maharashtra,Basic,Male,"Travel Backpack","Sports and travel",60.95,36,135.5,2845.45,"2026-07-04 01:01:35",12:08:00,UPI,1603.51,4.761904716,135.53,6,Afternoon,Saturday,July,Good
541-89-9860,Whitefield,Bangalore,Delhi,Prime,Female,Handbag,"Fashion accessories",80.48,9,45.58,1265.28,"2026-09-13 08:51:58",12:31:00,UPI,486.75,4.761904716,60.28,8.1,Afternoon,Sunday,September,Bad
542-41-0513,Andheri,Mumbai,Karnataka,Basic,Female,"Power Bank","Electronic accessories",57.49,14,56.98,969.62,"2026-10-01 15:13:09",11:57:00,Cash,876.99,4.761904716,46.17,8.5,Morning,Thursday,October,Bad
544-32-5024,Hinjawadi,Pune,Karnataka,Prime,Female,"Oreo Biscuits","Food and beverages",49.79,3,7.53,227.59,"2026-12-04 17:22:16",19:16:00,Cash,185.85,4.761904716,10.86,6.4,Evening,Friday,December,Bad
544-55-9589,Saket,Delhi,Maharashtra,Basic,Female,"Power Bank","Electronic accessories",21.43,40,53.13,903.59,"2026-11-04 01:04:51",11:51:00,Cash,817.27,4.761904716,43.03,8,Morning,Wednesday,November,Bad
545-07-8534,Powai,Mumbai,Karnataka,Prime,Female,Shampoo,"Health and beauty",58.32,2,10.92,303.22,"2026-09-11 08:11:45",12:42:00,"Credit Card",167.96,4.761904716,14.44,6,Afternoon,Friday,September,Bad
545-46-3100,Andheri,Mumbai,Maharashtra,Basic,Female,"USB Flash Drive","Electronic accessories",10.59,7,3.87,81.19,"2026-08-15 01:59:36",13:52:00,"Credit card",45.74,4.761904716,3.87,8.1,Afternoon,Saturday,August,Bad
546-80-2899,"Hitech City",Hyderabad,Telangana,Basic,Male,"Table Lamp","Home and lifestyle",37.69,2,5.42,113.98,"2026-07-21 12:06:38",15:29:00,Ewallet,108.55,4.761904716,5.42,9.5,Afternoon,Tuesday,July,Bad
548-46-9322,Andheri,Mumbai,Karnataka,Prime,Male,"Oreo Biscuits","Food and beverages",39.9,13,31.47,660.69,"2026-11-14 20:09:45",15:24:00,"Credit card",372.32,4.761904716,31.47,5.9,Afternoon,Saturday,November,Good
548-48-3156,Kharadi,Pune,Maharashtra,Prime,Female,Coca-Cola,"Food and beverages",83.34,2,9.72,204.14,"2026-08-03 10:05:47",13:37:00,Cash,240.02,4.761904716,9.72,7.6,Afternoon,Monday,August,Bad
549-03-9315,Indiranagar,Bangalore,Maharashtra,Basic,Male,"Leather Wallet","Fashion accessories",94.87,11,76.76,1612.24,"2026-05-04 10:22:06",12:58:00,UPI,1066.28,4.761904716,76.76,8.7,Afternoon,Monday,May,Good
549-23-9016,Hinjawadi,Pune,Delhi,Basic,Female,"Tropicana Juice","Food and beverages",14.87,3,1.87,56.8,"2026-02-22 10:07:49",18:15:00,Cash,35.69,4.761904716,2.7,8.9,Evening,Sunday,February,Bad
549-59-1358,"Connaught Place",Delhi,Telangana,Elite,Male,"Gym Bag","Sports and travel",88.63,12,65.68,1986.1,"2026-09-06 03:09:49",17:36:00,Ewallet,777.26,4.761904716,94.56,6,Evening,Sunday,September,Bad
549-84-7482,"Hitech City",Hyderabad,Maharashtra,Elite,Female,"Travel Backpack","Sports and travel",90.28,36,154.4,2626.08,"2026-08-15 16:56:17",11:15:00,Ewallet,2375.17,4.761904716,125.06,7.2,Morning,Saturday,August,Good
549-96-4200,Gachibowli,Hyderabad,Karnataka,Prime,Male,Coca-Cola,"Food and beverages",17.04,6,4.91,148.4,"2026-09-01 05:21:10",20:15:00,Ewallet,98.15,4.761904716,7.07,7,Evening,Tuesday,September,Bad
550-84-8664,"Connaught Place",Delhi,Maharashtra,Prime,Male,"Cricket Bat","Sports and travel",85.91,5,27.92,586.34,"2026-02-10 21:15:47",14:33:00,UPI,429.55,4.761904716,27.92,8.6,Afternoon,Tuesday,February,Good
551-21-3069,Powai,Mumbai,Delhi,Elite,Female,"Power Bank","Electronic accessories",23.07,7,10.13,172.18,"2026-02-05 19:49:16",11:27:00,Cash,155.72,4.761904716,8.2,8,Morning,Thursday,February,Bad
552-44-5977,Kharadi,Pune,Maharashtra,Prime,Male,Sunscreen,"Health and beauty",62,15,36.61,1107.08,"2026-11-03 17:14:04",19:08:00,Cash,903.96,4.761904716,52.73,6.2,Evening,Tuesday,November,Good
554-42-2417,"Banjara Hills",Hyderabad,Maharashtra,Elite,Female,Football,"Sports and travel",95.44,10,47.72,1002.12,"2026-01-27 05:03:58",13:45:00,Cash,954.4,4.761904716,47.72,5.2,Afternoon,Tuesday,January,Good
554-53-3790,Kharadi,Pune,Karnataka,Prime,Male,"Yoga Mat","Sports and travel",37.02,11,16.39,495.78,"2026-11-02 13:08:52",18:33:00,Cash,404.81,4.761904716,23.6,4.5,Evening,Monday,November,Bad
554-53-8700,Saket,Delhi,Telangana,Elite,Male,Bedsheet,"Home and lifestyle",56.11,2,8.44,143.64,"2026-03-26 12:12:54",10:11:00,UPI,129.91,4.761904716,6.85,6.3,Morning,Thursday,March,Bad
556-41-6224,Whitefield,Bangalore,Maharashtra,Prime,Male,Sunscreen,"Health and beauty",33.64,20,45.92,1388.3,"2026-11-08 17:45:14",17:10:00,UPI,490.47,4.761904716,66.12,9.3,Evening,Sunday,November,Bad
556-72-8512,"Hitech City",Hyderabad,Karnataka,Elite,Male,"Coffee Mug","Home and lifestyle",22.96,1,1.148,34.72,"2026-02-20 11:23:28",20:47:00,Cash,22.96,4.761904716,1.66,4.3,Evening,Friday,February,Bad
556-86-3144,Whitefield,Bangalore,Telangana,Basic,Female,"Baseball Cap","Fashion accessories",74.29,1,9.73,389.87,"2026-12-16 08:38:45",19:30:00,UPI,135.39,4.761904716,18.54,5,Evening,Wednesday,December,Bad
556-97-7101,Hinjawadi,Pune,Maharashtra,Elite,Female,"Power Bank","Electronic accessories",63.22,10,25.39,533.13,"2026-12-06 13:45:06",15:51:00,Cash,482.17,4.761904716,25.39,7.4,Afternoon,Sunday,December,Bad
558-60-5016,"Banjara Hills",Hyderabad,Delhi,Elite,Female,"Coffee Mug","Home and lifestyle",33.3,9,14.985,314.685,"2026-01-27 15:28:21",15:27:00,Ewallet,299.7,4.761904716,14.985,7.2,Afternoon,Tuesday,January,Bad
558-80-4082,Hinjawadi,Pune,Karnataka,Elite,Male,"Wireless Mouse","Electronic accessories",27.85,5,5.92,249.33,"2026-01-02 02:12:43",17:20:00,Ewallet,146.21,4.761904716,11.88,8.2,Evening,Friday,January,Bad
559-61-5987,Rohini,Delhi,Maharashtra,Basic,Female,"Body Lotion","Health and beauty",17.75,1,1.61,36.46,"2026-06-12 22:46:35",10:38:00,UPI,24.94,4.761904716,1.71,8.6,Morning,Friday,June,Bad
559-98-9873,"Connaught Place",Delhi,Telangana,Prime,Female,"Baseball Cap","Fashion accessories",53.65,13,44.58,1238.22,"2026-05-30 04:50:38",12:56:00,UPI,527.62,4.761904716,58.95,5.2,Afternoon,Saturday,May,Good
560-30-5617,Gachibowli,Hyderabad,Telangana,Prime,Female,"Cricket Bat","Sports and travel",24.77,9,11.29,341.28,"2026-10-12 07:02:52",18:27:00,Cash,225.72,4.761904716,16.25,8.5,Evening,Monday,October,Bad
560-49-6611,"Hitech City",Hyderabad,Maharashtra,Basic,Female,"Gym Bag","Sports and travel",45.58,1,2.279,47.859,"2026-02-17 18:18:54",14:13:00,Cash,45.58,4.761904716,2.279,9.8,Afternoon,Tuesday,February,Bad
562-12-5430,"Hitech City",Hyderabad,Maharashtra,Basic,Female,"Baseball Cap","Fashion accessories",88.15,4,24.15,543.25,"2026-06-06 20:33:14",10:11:00,Ewallet,371.53,4.761904716,25.88,7.9,Morning,Saturday,June,Bad
563-36-9814,Bandra,Mumbai,Karnataka,Prime,Male,"Bluetooth Speaker","Electronic accessories",76.82,2,19.06,801.76,"2026-12-30 09:41:20",18:27:00,"Credit Card",292.97,4.761904716,38.21,8.2,Evening,Wednesday,December,Bad
563-47-4072,"Hitech City",Hyderabad,Delhi,Prime,Female,"Face Wash","Health and beauty",55.81,6,16.743,376.65,"2026-01-13 23:06:26",11:52:00,Cash,334.86,4.761904716,17.94,9.9,Morning,Tuesday,January,Good
563-91-7120,"Connaught Place",Delhi,Karnataka,Elite,Female,"Baseball Cap","Fashion accessories",61.77,10,40.48,1123.99,"2026-09-17 15:50:08",13:21:00,Cash,622.64,4.761904716,53.52,6.7,Afternoon,Thursday,September,Good
565-17-3836,Rohini,Delhi,Maharashtra,Basic,Female,"Body Lotion","Health and beauty",47.67,6,22.42,622.63,"2026-03-04 20:54:44",14:21:00,UPI,344.89,4.761904716,29.66,9.1,Afternoon,Wednesday,March,Bad
565-67-6697,Indiranagar,Bangalore,Karnataka,Basic,Male,"Coffee Mug","Home and lifestyle",27,16,31.88,669.61,"2026-11-05 14:48:57",14:16:00,Cash,442.87,4.761904716,31.88,4.8,Afternoon,Thursday,November,Bad
565-80-5980,Kharadi,Pune,Maharashtra,Elite,Female,Bedsheet,"Home and lifestyle",47.38,8,14.37,244.43,"2026-07-19 21:17:22",10:25:00,Cash,272.9,4.761904716,11.65,7.1,Morning,Sunday,July,Bad
565-91-4567,Hinjawadi,Pune,Maharashtra,Elite,Male,"Face Wash","Health and beauty",10.75,20,8.25,173.3,"2026-10-17 07:09:35",14:38:00,Cash,156.74,4.761904716,8.26,6.2,Afternoon,Saturday,October,Bad
566-19-5475,Indiranagar,Bangalore,Delhi,Prime,Male,"Baseball Cap","Fashion accessories",47.97,7,24.18,731.11,"2026-02-12 16:25:58",20:52:00,Cash,335.79,4.761904716,34.82,6.2,Evening,Thursday,February,Good
566-71-1091,"Connaught Place",Delhi,Karnataka,Prime,Male,Sunglasses,"Fashion accessories",77.02,5,25.03,525.66,"2026-01-28 07:47:06",15:59:00,UPI,385.1,4.761904716,25.03,5.5,Afternoon,Wednesday,January,Good
568-88-3448,Powai,Mumbai,Maharashtra,Prime,Male,"Body Lotion","Health and beauty",25,1,3.58,74.92,"2026-05-25 00:01:16",15:09:00,Ewallet,54.88,4.761904716,3.58,5.5,Afternoon,Monday,May,Bad
568-90-5112,Saket,Delhi,Karnataka,Elite,Male,Sunscreen,"Health and beauty",66.14,7,31.34,658.14,"2026-10-27 02:20:21",12:46:00,"Credit card",482.17,4.761904716,31.34,5.6,Afternoon,Tuesday,October,Bad
569-71-4390,"Banjara Hills",Hyderabad,Karnataka,Elite,Male,"Gym Bag","Sports and travel",21.87,3,2.84,59.71,"2026-01-10 20:15:25",14:29:00,Ewallet,43.74,4.761904716,2.84,6.9,Afternoon,Saturday,January,Bad
569-76-2760,Rohini,Delhi,Delhi,Basic,Female,"Yoga Mat","Sports and travel",22.01,4,5.72,173.05,"2026-02-20 03:49:44",18:15:00,UPI,88.04,4.761904716,8.23,6.6,Evening,Friday,February,Bad
571-94-0759,Bandra,Mumbai,Maharashtra,Prime,Female,"Lay's Chips","Food and beverages",74.6,13,68.12,2060.1,"2026-05-20 10:26:18",20:55:00,Cash,1048.07,4.761904716,98.12,9.5,Evening,Wednesday,May,Good
573-10-3877,Hinjawadi,Pune,Telangana,Basic,Male,"Face Wash","Health and beauty",39.01,1,2.05,62.1,"2026-01-10 19:52:02",16:46:00,Cash,39.01,4.761904716,2.96,4.7,Evening,Saturday,January,Bad
573-58-9734,Powai,Mumbai,Karnataka,Prime,Female,"Baseball Cap","Fashion accessories",30.37,3,5.92,164.48,"2026-01-22 19:32:00",13:41:00,"Credit Card",91.11,4.761904716,7.83,5.1,Afternoon,Thursday,January,Bad
573-98-8548,Koramangala,Bangalore,Delhi,Basic,Female,Sunglasses,"Fashion accessories",31.9,1,11.88,330.64,"2026-11-22 00:19:51",12:40:00,UPI,127.2,4.761904716,15.7,9.1,Afternoon,Sunday,November,Bad
574-22-5561,Hinjawadi,Pune,Maharashtra,Prime,Female,Handbag,"Fashion accessories",82.63,13,47.02,1880.31,"2026-05-25 22:29:15",17:08:00,Ewallet,1160.9,4.761904716,89.54,7.9,Evening,Monday,May,Good
574-31-8277,Gachibowli,Hyderabad,Karnataka,Prime,Male,"Leather Wallet","Fashion accessories",33.63,1,2.42,73.21,"2026-07-01 16:17:09",19:55:00,Cash,48.43,4.761904716,3.48,5.6,Evening,Wednesday,July,Bad
574-57-9721,Andheri,Mumbai,Karnataka,Prime,Male,"Nescafe Coffee","Food and beverages",43.27,2,5.25,158.71,"2026-11-25 11:02:35",16:53:00,"Credit Card",80.75,4.761904716,7.57,5.7,Evening,Wednesday,November,Bad
574-80-1489,Baner,Pune,Maharashtra,Prime,Female,Coca-Cola,"Food and beverages",62.85,8,19.04,400.26,"2026-08-09 15:14:43",13:22:00,Ewallet,362.02,4.761904716,19.05,8.7,Afternoon,Sunday,August,Bad
575-30-8091,Indiranagar,Bangalore,Maharashtra,Elite,Male,"Yoga Mat","Sports and travel",72.5,11,58.68,1774.18,"2026-05-14 22:16:27",19:25:00,Ewallet,814.86,4.761904716,84.5,9.2,Evening,Thursday,May,Good
575-67-1508,Rohini,Delhi,Karnataka,Basic,Male,"Mechanical Keyboard","Electronic accessories",38.6,1,3.61,85.59,"2026-07-17 22:00:19",11:26:00,Ewallet,55.58,4.761904716,4.09,8,Morning,Friday,July,Bad
576-31-4774,"Hitech City",Hyderabad,Karnataka,Basic,Female,Shampoo,"Health and beauty",73.41,5,20.07,557.36,"2026-12-18 01:38:07",13:10:00,Ewallet,401.37,4.761904716,26.55,4,Afternoon,Friday,December,Bad
577-34-7579,"Hitech City",Hyderabad,Delhi,Elite,Male,"Nescafe Coffee","Food and beverages",50.49,16,41.5,1254.88,"2026-06-14 01:01:25",17:16:00,Cash,638.41,4.761904716,59.75,5.4,Evening,Sunday,June,Good
578-80-7669,Saket,Delhi,Telangana,Elite,Male,"Yoga Mat","Sports and travel",74.97,1,8.88,268.56,"2026-11-12 04:43:58",16:58:00,Cash,136.63,4.761904716,12.78,5.6,Evening,Thursday,November,Bad
582-52-8065,Andheri,Mumbai,Maharashtra,Basic,Female,"Leather Wallet","Fashion accessories",54.31,16,58.02,1305.38,"2026-05-23 08:42:47",10:49:00,Cash,686.71,4.761904716,62.15,8.9,Morning,Saturday,May,Good
583-41-4548,Rohini,Delhi,Karnataka,Prime,Male,"Coffee Mug","Home and lifestyle",16.67,13,14.2,241.54,"2026-08-23 02:57:18",11:36:00,UPI,168.04,4.761904716,11.51,7.4,Morning,Sunday,August,Bad
583-72-1480,Koramangala,Bangalore,Maharashtra,Prime,Male,"Bluetooth Speaker","Electronic accessories",37.06,6,15.36,647.16,"2026-09-09 01:43:49",16:24:00,UPI,213.47,4.761904716,30.79,6.9,Evening,Wednesday,September,Bad
584-66-4073,Indiranagar,Bangalore,Karnataka,Prime,Male,"Baseball Cap","Fashion accessories",56.5,1,6.14,128.56,"2026-04-18 06:16:52",15:45:00,UPI,65.42,4.761904716,6.14,9.6,Afternoon,Saturday,April,Bad
584-86-7256,"Connaught Place",Delhi,Karnataka,Basic,Male,"Gym Bag","Sports and travel",34.56,10,22.1,668.08,"2026-06-03 07:46:15",16:07:00,"Credit card",339.88,4.761904716,31.82,7.3,Evening,Wednesday,June,Bad
585-03-5943,Powai,Mumbai,Maharashtra,Elite,Male,"Lip Balm","Health and beauty",18.11,30,33.58,571.4,"2026-05-10 19:06:59",11:46:00,"Credit Card",397.55,4.761904716,27.21,5.9,Morning,Sunday,May,Bad
585-11-6748,Andheri,Mumbai,Delhi,Elite,Male,Football,"Sports and travel",96.8,5,34.4,722.42,"2026-12-03 05:16:31",13:05:00,Cash,529.25,4.761904716,34.4,5.3,Afternoon,Thursday,December,Bad
585-86-8361,Indiranagar,Bangalore,Telangana,Basic,Female,"Nescafe Coffee","Food and beverages",27.28,10,17.94,305.1,"2026-05-02 00:10:59",10:31:00,"Credit card",191.63,4.761904716,14.53,8.6,Morning,Saturday,May,Bad
585-90-0249,Rohini,Delhi,Delhi,Basic,Male,"USB Flash Drive","Electronic accessories",73.26,1,3.58,150.38,"2026-01-14 04:00:07",18:08:00,Ewallet,54.95,4.761904716,7.16,8.1,Evening,Wednesday,January,Bad
586-25-0848,"Connaught Place",Delhi,Karnataka,Elite,Female,"Cricket Bat","Sports and travel",12.34,26,21.35,362.96,"2026-09-20 02:23:31",11:19:00,UPI,252.5,4.761904716,17.29,6.7,Morning,Sunday,September,Bad
587-03-7455,Saket,Delhi,Karnataka,Basic,Female,"Wrist Watch","Fashion accessories",97.79,10,62.5,2500,"2026-05-04 09:25:56",17:30:00,UPI,961.71,4.761904716,119.05,4.9,Evening,Monday,May,Good
587-73-4862,Whitefield,Bangalore,Telangana,Basic,Female,Shampoo,"Health and beauty",10.69,12,9.13,205.13,"2026-12-13 13:41:01",11:07:00,UPI,97.42,4.761904716,9.78,7.6,Morning,Sunday,December,Bad
588-01-7461,Saket,Delhi,Telangana,Basic,Female,"Lay's Chips","Food and beverages",33.98,11,23.86,405.76,"2026-01-01 07:06:05",10:43:00,Cash,366.98,4.761904716,19.33,4.2,Morning,Thursday,January,Bad
588-47-8641,Indiranagar,Bangalore,Karnataka,Elite,Male,"Leather Wallet","Fashion accessories",56.04,13,56.69,1714.24,"2026-06-23 11:46:26",19:30:00,UPI,787.33,4.761904716,81.62,4.4,Evening,Tuesday,June,Good
589-02-8023,Indiranagar,Bangalore,Karnataka,Prime,Male,"Tropicana Juice","Food and beverages",83.77,3,18.81,320.1,"2026-01-10 15:47:33",10:54:00,UPI,201.05,4.761904716,15.24,7,Morning,Saturday,January,Bad
590-83-4591,Powai,Mumbai,Maharashtra,Basic,Male,"Bluetooth Speaker","Electronic accessories",87.45,5,29.6,865.84,"2026-03-19 02:05:33",14:40:00,"Credit Card",455.56,4.761904716,41.23,7.3,Afternoon,Thursday,March,Good
592-34-6155,Powai,Mumbai,Maharashtra,Prime,Male,Coca-Cola,"Food and beverages",31.77,3,7.71,161.86,"2026-10-19 17:37:34",14:43:00,"Credit Card",118.58,4.761904716,7.71,6.2,Afternoon,Monday,October,Bad
592-46-1692,Whitefield,Bangalore,Karnataka,Prime,Female,"Tropicana Juice","Food and beverages",36.77,9,27.87,843.34,"2026-04-11 04:04:04",20:10:00,UPI,297.96,4.761904716,40.14,7.4,Evening,Saturday,April,Bad
593-08-5916,Powai,Mumbai,Karnataka,Basic,Female,"Baseball Cap","Fashion accessories",15.5,1,1.01,27.99,"2026-01-09 14:39:05",15:23:00,"Credit card",15.5,4.761904716,1.33,7.4,Afternoon,Friday,January,Bad
593-14-4239,Baner,Pune,Maharashtra,Elite,Female,Bedsheet,"Home and lifestyle",95.46,15,56.37,1704.58,"2026-12-25 01:46:08",19:40:00,Ewallet,1391.81,4.761904716,81.18,4.7,Evening,Friday,December,Good
593-65-1552,"Connaught Place",Delhi,Karnataka,Basic,Female,Bedsheet,"Home and lifestyle",69.81,14,58.16,1759.33,"2026-06-05 21:44:43",20:50:00,UPI,895.05,4.761904716,83.81,5.9,Evening,Friday,June,Bad
593-95-4461,Andheri,Mumbai,Maharashtra,Prime,Male,"Table Lamp","Home and lifestyle",74.86,1,12.87,269.85,"2026-04-03 13:14:38",14:49:00,"Credit Card",197.72,4.761904716,12.87,6.9,Afternoon,Friday,April,Bad
594-34-4444,"Banjara Hills",Hyderabad,Karnataka,Elite,Male,"Wireless Mouse","Electronic accessories",97.16,2,18.54,780.03,"2026-12-30 07:55:36",20:38:00,Ewallet,370.54,4.761904716,37.16,7.6,Evening,Wednesday,December,Bad
595-11-5460,Gachibowli,Hyderabad,Maharashtra,Basic,Male,"Face Wash","Health and beauty",96.58,3,18.08,307.54,"2026-08-29 07:24:41",10:12:00,"Credit card",278.15,4.761904716,14.65,5.1,Morning,Saturday,August,Bad
595-27-4851,Gachibowli,Hyderabad,Telangana,Basic,Female,"Wrist Watch","Fashion accessories",54.28,13,35.57,1422.31,"2026-07-25 21:28:40",18:05:00,Ewallet,547.14,4.761904716,67.72,9.3,Evening,Saturday,July,Good
595-86-2894,Saket,Delhi,Telangana,Basic,Male,"Wrist Watch","Fashion accessories",96.98,15,100.5,3039.9,"2026-10-13 05:22:28",17:20:00,UPI,1546.55,4.761904716,144.78,9.4,Evening,Tuesday,October,Good
595-94-9924,"Banjara Hills",Hyderabad,Delhi,Basic,Female,"Body Lotion","Health and beauty",27.73,12,16.43,656.89,"2026-10-10 04:48:58",20:21:00,"Credit card",252.69,4.761904716,31.28,4.2,Evening,Saturday,October,Bad
596-42-3999,Powai,Mumbai,Maharashtra,Elite,Male,"Lay's Chips","Food and beverages",18.22,13,15.51,325.9,"2026-09-06 19:08:24",14:04:00,"Credit Card",183.66,4.761904716,15.51,6.6,Afternoon,Sunday,September,Bad
597-78-7908,Whitefield,Bangalore,Delhi,Elite,Male,Sunglasses,"Fashion accessories",90.22,7,46.16,1396.2,"2026-12-12 08:18:55",19:39:00,UPI,493.28,4.761904716,66.47,6.2,Evening,Saturday,December,Bad
598-06-7312,"Banjara Hills",Hyderabad,Karnataka,Basic,Male,"Wrist Watch","Fashion accessories",91.35,1,23.67,497.15,"2026-11-21 09:43:54",15:42:00,Cash,364.21,4.761904716,23.67,6.8,Afternoon,Saturday,November,Bad
598-47-9715,Powai,Mumbai,Telangana,Basic,Male,"USB Flash Drive","Electronic accessories",84.07,4,30.71,1293.04,"2026-05-12 14:04:03",16:54:00,Ewallet,472.45,4.761904716,61.58,7.4,Evening,Tuesday,May,Good
600-38-9738,"Hitech City",Hyderabad,Telangana,Prime,Male,"Travel Backpack","Sports and travel",71.92,9,32.76,688.14,"2026-11-06 11:42:01",15:05:00,"Credit card",655.37,4.761904716,32.76,4.3,Afternoon,Friday,November,Good
602-16-6955,"Connaught Place",Delhi,Maharashtra,Basic,Female,"Travel Backpack","Sports and travel",76.6,25,117.96,3567.27,"2026-11-21 23:41:49",18:10:00,Ewallet,1396.04,4.761904716,169.88,6,Evening,Saturday,November,Good
602-80-9671,Rohini,Delhi,Delhi,Prime,Female,"Table Lamp","Home and lifestyle",15.95,18,16.43,496.81,"2026-04-08 08:56:30",17:15:00,UPI,252.76,4.761904716,23.66,5.1,Evening,Wednesday,April,Bad
603-07-0961,Powai,Mumbai,Maharashtra,Basic,Male,"Wireless Mouse","Electronic accessories",74.79,4,18.23,431.79,"2026-01-23 04:37:04",11:34:00,"Credit Card",280.46,4.761904716,20.56,8,Morning,Friday,January,Good
604-70-6476,Bandra,Mumbai,Telangana,Basic,Male,"Wrist Watch","Fashion accessories",17.94,27,30.21,634.56,"2026-10-11 07:15:52",14:04:00,"Credit Card",357.63,4.761904716,30.21,6.8,Afternoon,Sunday,October,Bad
605-03-2706,Whitefield,Bangalore,Delhi,Prime,Female,Sunscreen,"Health and beauty",15.8,5,6.18,246.91,"2026-03-09 00:27:52",18:02:00,Cash,85.74,4.761904716,11.75,9.5,Evening,Monday,March,Bad
605-72-4132,Gachibowli,Hyderabad,Maharashtra,Prime,Female,"Nescafe Coffee","Food and beverages",94.47,12,54.42,1142.71,"2026-07-17 15:26:42",15:12:00,Cash,1088.29,4.761904716,54.42,9.1,Afternoon,Friday,July,Good
605-83-1050,Indiranagar,Bangalore,Delhi,Basic,Male,"Leather Wallet","Fashion accessories",27.18,2,5.63,170.44,"2026-08-06 01:16:44",16:26:00,UPI,78.28,4.761904716,8.11,4.3,Evening,Thursday,August,Bad
606-80-4905,Andheri,Mumbai,Telangana,Prime,Female,Football,"Sports and travel",19.15,9,10.48,178.47,"2026-06-23 05:17:32",10:01:00,"Credit Card",161.43,4.761904716,8.5,6.8,Morning,Tuesday,June,Bad
607-65-2441,Baner,Pune,Telangana,Basic,Male,"Body Lotion","Health and beauty",81.95,14,47.79,1003.65,"2026-09-04 17:02:38",12:39:00,"Credit card",1180.08,4.761904716,47.79,6,Afternoon,Friday,September,Good
607-76-6216,Hinjawadi,Pune,Delhi,Basic,Female,"Baseball Cap","Fashion accessories",92.49,9,35.07,1402.2,"2026-07-12 12:12:11",16:35:00,Cash,665.93,4.761904716,66.82,8.6,Evening,Sunday,July,Good
608-04-3797,Powai,Mumbai,Maharashtra,Elite,Female,"Face Wash","Health and beauty",25.32,15,23.99,959.65,"2026-12-17 06:27:59",20:24:00,"Credit Card",369.17,4.761904716,45.68,8.7,Evening,Thursday,December,Bad
608-05-3804,Bandra,Mumbai,Delhi,Prime,Male,"Mechanical Keyboard","Electronic accessories",39.75,1,4.73,198.71,"2026-06-21 13:02:05",20:19:00,"Credit Card",55.84,4.761904716,9.48,7.3,Evening,Sunday,June,Bad
608-27-6295,Saket,Delhi,Karnataka,Prime,Male,"Wireless Mouse","Electronic accessories",52.89,6,23.87,1005.43,"2026-04-22 21:27:56",17:34:00,UPI,367.36,4.761904716,47.87,8,Evening,Wednesday,April,Good
608-96-3517,Whitefield,Bangalore,Telangana,Basic,Female,Sunglasses,"Fashion accessories",91.54,6,37.96,1518.23,"2026-07-23 02:32:01",19:20:00,UPI,527.27,4.761904716,72.27,4.8,Evening,Thursday,July,Good
609-81-8548,Saket,Delhi,Maharashtra,Elite,Female,"Storage Basket","Home and lifestyle",37.44,14,34.59,726.49,"2026-11-08 22:56:50",13:55:00,UPI,409.4,4.761904716,34.59,5.9,Afternoon,Sunday,November,Bad
610-46-4100,Rohini,Delhi,Delhi,Basic,Male,Shampoo,"Health and beauty",28.95,14,30.99,936.69,"2026-03-21 05:11:53",20:31:00,UPI,366.55,4.761904716,44.62,6,Evening,Saturday,March,Bad
612-36-5536,Andheri,Mumbai,Delhi,Elite,Male,"Lay's Chips","Food and beverages",80.96,14,76.88,1307.89,"2026-06-07 12:14:20",11:12:00,"Credit Card",909.94,4.761904716,62.3,7.4,Morning,Sunday,June,Good
613-59-9758,Kharadi,Pune,Maharashtra,Basic,Female,"Gym Bag","Sports and travel",14.36,13,6.74,141.38,"2026-04-03 17:45:27",14:28:00,Cash,166.24,4.761904716,6.74,5.4,Afternoon,Friday,April,Bad
616-24-2851,Hinjawadi,Pune,Maharashtra,Prime,Female,"Baseball Cap","Fashion accessories",17.87,7,5.27,146.52,"2026-12-09 11:14:43",14:42:00,Ewallet,130.28,4.761904716,6.98,6.5,Afternoon,Wednesday,December,Bad
616-87-0016,Andheri,Mumbai,Karnataka,Elite,Male,"Baseball Cap","Fashion accessories",95.54,10,62.61,1314.55,"2026-07-13 05:50:28",14:36:00,"Credit card",963.05,4.761904716,62.61,9.6,Afternoon,Monday,July,Good
617-15-4209,Rohini,Delhi,Karnataka,Elite,Male,"Lip Balm","Health and beauty",15.37,2,2.87,87.01,"2026-08-18 09:46:34",19:47:00,Cash,44.27,4.761904716,4.14,7.2,Evening,Tuesday,August,Bad
618-34-8551,Andheri,Mumbai,Karnataka,Elite,Female,"Gym Bag","Sports and travel",93.18,2,12.11,366.3,"2026-02-26 13:10:42",18:41:00,"Credit card",186.36,4.761904716,17.44,8.5,Evening,Thursday,February,Bad
620-02-2046,Baner,Pune,Telangana,Elite,Male,Bedsheet,"Home and lifestyle",69.4,5,14.85,448.98,"2026-04-14 18:24:11",19:48:00,Ewallet,366.59,4.761904716,21.41,9,Evening,Tuesday,April,Bad
622-20-1945,Hinjawadi,Pune,Maharashtra,Elite,Female,"Body Lotion","Health and beauty",39.42,1,3.78,105.04,"2026-12-26 15:03:20",15:08:00,Cash,71.85,4.761904716,4.99,8.4,Afternoon,Saturday,December,Bad
624-01-8356,Hinjawadi,Pune,Telangana,Basic,Female,Bedsheet,"Home and lifestyle",49.01,17,29.89,508.12,"2026-03-07 00:25:53",10:44:00,Cash,567.36,4.761904716,24.18,4.2,Morning,Saturday,March,Good
626-43-7888,Powai,Mumbai,Karnataka,Elite,Female,"Wrist Watch","Fashion accessories",60.41,12,45.24,1256.28,"2026-07-20 16:41:47",12:23:00,Ewallet,695.93,4.761904716,59.83,9.6,Afternoon,Monday,July,Good
627-95-3243,Hinjawadi,Pune,Telangana,Prime,Female,"Coffee Mug","Home and lifestyle",77.68,16,51.6,1083.66,"2026-10-30 01:20:57",13:21:00,Cash,1274.14,4.761904716,51.6,9.8,Afternoon,Friday,October,Good
628-34-3388,Indiranagar,Bangalore,Maharashtra,Basic,Male,Handbag,"Fashion accessories",27.38,35,61.32,1853.84,"2026-10-18 19:22:04",20:54:00,UPI,654.95,4.761904716,88.32,7.9,Evening,Sunday,October,Bad
628-90-8624,Rohini,Delhi,Maharashtra,Basic,Male,Shampoo,"Health and beauty",82.58,14,77.3,1623.19,"2026-08-26 19:50:47",14:41:00,UPI,1189.15,4.761904716,77.3,5,Afternoon,Wednesday,August,Good
629-42-4133,Andheri,Mumbai,Maharashtra,Elite,Male,"Lip Balm","Health and beauty",21.8,15,20.5,620.06,"2026-03-09 10:46:16",19:24:00,Cash,315.46,4.761904716,29.54,8.3,Evening,Monday,March,Bad
630-74-5166,Baner,Pune,Karnataka,Basic,Male,"Travel Backpack","Sports and travel",62.13,17,44.14,1334.62,"2026-09-08 02:02:03",20:19:00,Cash,1089.7,4.761904716,63.55,7.4,Evening,Tuesday,September,Good
631-34-1880,Koramangala,Bangalore,Delhi,Elite,Male,"Oreo Biscuits","Food and beverages",24.31,3,7.38,223.08,"2026-05-14 13:42:46",19:09:00,UPI,102.46,4.761904716,10.63,4.3,Evening,Thursday,May,Bad
631-41-3108,Saket,Delhi,Karnataka,Basic,Male,"Table Lamp","Home and lifestyle",46.33,12,38.41,806.79,"2026-10-05 02:14:13",13:23:00,UPI,591.06,4.761904716,38.42,7.4,Afternoon,Monday,October,Good
632-32-4574,Andheri,Mumbai,Delhi,Prime,Male,"Yoga Mat","Sports and travel",75.92,10,59.41,1247.62,"2026-03-08 15:05:23",14:14:00,Cash,703.1,4.761904716,59.41,5.5,Afternoon,Sunday,March,Good
632-90-0281,Indiranagar,Bangalore,Maharashtra,Elite,Female,"Baseball Cap","Fashion accessories",37.55,14,38.94,1556.99,"2026-08-07 02:34:22",20:01:00,UPI,540.72,4.761904716,74.16,9.3,Evening,Friday,August,Good
633-09-3463,Andheri,Mumbai,Maharashtra,Elite,Female,"Bluetooth Speaker","Electronic accessories",47.65,5,13.39,280.98,"2026-09-28 09:04:36",12:58:00,"Credit Card",205.85,4.761904716,13.39,7.5,Afternoon,Monday,September,Bad
633-44-8566,Rohini,Delhi,Karnataka,Basic,Male,"Oreo Biscuits","Food and beverages",49.38,10,32.36,978.38,"2026-09-02 05:18:18",20:35:00,UPI,497.75,4.761904716,46.6,7.3,Evening,Wednesday,September,Good
633-91-1052,Kharadi,Pune,Maharashtra,Elite,Female,"Storage Basket","Home and lifestyle",12.03,2,0.97,20.47,"2026-02-03 19:06:16",15:51:00,Cash,24.06,4.761904716,0.97,5.1,Afternoon,Tuesday,February,Bad
634-97-8956,"Banjara Hills",Hyderabad,Telangana,Prime,Male,"Tropicana Juice","Food and beverages",32.9,5,7.1,214.9,"2026-09-15 03:14:34",17:27:00,"Credit card",142.13,4.761904716,10.22,9.1,Evening,Tuesday,September,Bad
635-28-5728,Rohini,Delhi,Karnataka,Basic,Male,"Lip Balm","Health and beauty",56,7,20.45,618.18,"2026-07-25 09:40:23",19:33:00,UPI,241.92,4.761904716,29.46,4.8,Evening,Saturday,July,Bad
635-40-6220,"Banjara Hills",Hyderabad,Delhi,Basic,Male,"Face Wash","Health and beauty",89.6,16,78.66,1338.29,"2026-05-01 10:36:09",11:28:00,Ewallet,1573.53,4.761904716,63.73,6.6,Morning,Friday,May,Good
636-17-0325,Whitefield,Bangalore,Maharashtra,Elite,Male,"Body Lotion","Health and beauty",62.57,8,42.42,1281.36,"2026-03-21 18:23:29",18:37:00,UPI,452.7,4.761904716,61.02,9.5,Evening,Saturday,March,Bad
636-48-8204,"Banjara Hills",Hyderabad,Karnataka,Prime,Male,"Power Bank","Electronic accessories",34.56,4,7.5,177.67,"2026-03-06 14:00:56",11:15:00,Ewallet,150.02,4.761904716,8.45,7,Morning,Friday,March,Bad
636-98-3364,"Hitech City",Hyderabad,Maharashtra,Basic,Female,"USB Flash Drive","Electronic accessories",26.26,4,7.19,151.09,"2026-05-23 04:46:36",12:36:00,Ewallet,110.68,4.761904716,7.19,8,Afternoon,Saturday,May,Bad
638-60-7125,"Banjara Hills",Hyderabad,Karnataka,Prime,Female,"Mechanical Keyboard","Electronic accessories",99.56,31,151.87,4592.6,"2026-10-28 12:36:57",17:03:00,"Credit card",3037.46,4.761904716,218.71,8.5,Evening,Wednesday,October,Good
639-76-1242,Hinjawadi,Pune,Karnataka,Prime,Male,Coca-Cola,"Food and beverages",40.52,6,9.85,206.78,"2026-02-26 04:42:38",15:19:00,Cash,243.12,4.761904716,9.85,4.5,Afternoon,Thursday,February,Bad
640-48-5028,Kharadi,Pune,Maharashtra,Prime,Female,Bedsheet,"Home and lifestyle",88.39,13,46.39,974.28,"2026-07-08 23:57:44",12:40:00,Cash,1145.53,4.761904716,46.4,6.3,Afternoon,Wednesday,July,Good
640-49-2076,Kharadi,Pune,Delhi,Prime,Male,"Yoga Mat","Sports and travel",83.78,11,38.13,800.87,"2026-06-10 04:53:16",14:49:00,Cash,941.64,4.761904716,38.13,5.1,Afternoon,Wednesday,June,Good
641-43-2399,Koramangala,Bangalore,Karnataka,Prime,Male,"Wall Clock","Home and lifestyle",25.55,8,13.78,416.52,"2026-09-13 21:12:31",20:23:00,Ewallet,147.17,4.761904716,19.84,5.7,Evening,Sunday,September,Bad
641-51-2661,"Hitech City",Hyderabad,Delhi,Elite,Female,"Nescafe Coffee","Food and beverages",87.1,13,50.42,1058.7,"2026-04-28 22:58:30",14:45:00,"Credit card",1008.29,4.761904716,50.42,9.9,Afternoon,Tuesday,April,Good
641-62-7288,Rohini,Delhi,Telangana,Elite,Male,Bedsheet,"Home and lifestyle",99.92,11,71.02,1491.44,"2026-10-27 05:38:53",13:33:00,UPI,1092.62,4.761904716,71.02,7.1,Afternoon,Tuesday,October,Good
641-96-3695,Indiranagar,Bangalore,Karnataka,Elite,Female,"Wrist Watch","Fashion accessories",43.46,11,37.87,1513.7,"2026-09-18 20:32:30",17:55:00,UPI,525.69,4.761904716,72.11,8.5,Evening,Friday,September,Bad
642-30-6693,Saket,Delhi,Karnataka,Elite,Female,"Gym Bag","Sports and travel",54.51,8,27.64,580.37,"2026-02-21 03:27:26",13:54:00,UPI,327.06,4.761904716,27.64,7.8,Afternoon,Saturday,February,Good
642-32-2990,Bandra,Mumbai,Maharashtra,Elite,Female,Coca-Cola,"Food and beverages",10.96,17,10.71,324.19,"2026-04-18 00:48:55",20:48:00,"Credit Card",126.87,4.761904716,15.43,6,Evening,Saturday,April,Bad
642-61-4706,"Banjara Hills",Hyderabad,Karnataka,Elite,Male,Coca-Cola,"Food and beverages",93.4,2,10.82,326.98,"2026-04-16 08:22:41",16:34:00,Cash,216.25,4.761904716,15.58,5.5,Evening,Thursday,April,Bad
643-38-7867,Andheri,Mumbai,Karnataka,Basic,Male,Bedsheet,"Home and lifestyle",97.94,1,11.6,197.35,"2026-11-16 07:50:44",11:44:00,"Credit Card",178.5,4.761904716,9.4,6.9,Morning,Monday,November,Bad
645-44-1170,Andheri,Mumbai,Karnataka,Elite,Male,"Coffee Mug","Home and lifestyle",58.07,12,44.16,1335.45,"2026-01-04 01:39:55",20:07:00,"Credit Card",522.63,4.761904716,63.6,4.3,Evening,Sunday,January,Good
645-78-8093,Rohini,Delhi,Maharashtra,Basic,Female,"Cricket Bat","Sports and travel",93.14,3,18.21,551.01,"2026-04-26 09:01:49",18:09:00,Ewallet,215.64,4.761904716,26.27,4.1,Evening,Sunday,April,Bad
647-50-1224,Baner,Pune,Telangana,Basic,Female,Handbag,"Fashion accessories",29.42,25,28.22,1129.02,"2026-12-06 12:35:13",16:23:00,Cash,536.18,4.761904716,53.75,8.9,Evening,Sunday,December,Bad
648-83-1321,Indiranagar,Bangalore,Karnataka,Elite,Male,"Storage Basket","Home and lifestyle",63.56,25,108.42,3278.73,"2026-10-31 13:52:53",17:59:00,Cash,1158.38,4.761904716,156.13,4.3,Evening,Saturday,October,Good
648-94-3045,"Hitech City",Hyderabad,Maharashtra,Prime,Male,"Face Wash","Health and beauty",58.95,23,64.7,1358.78,"2026-05-27 06:27:58",14:27:00,Ewallet,1294.08,4.761904716,64.7,8.1,Afternoon,Wednesday,May,Good
649-11-3678,Bandra,Mumbai,Delhi,Basic,Female,"Tropicana Juice","Food and beverages",22.93,14,20.92,632.81,"2026-02-22 21:55:30",20:26:00,"Credit Card",247.64,4.761904716,30.13,5.5,Evening,Sunday,February,Bad
649-29-6775,"Banjara Hills",Hyderabad,Karnataka,Prime,Male,"Baseball Cap","Fashion accessories",33.52,1,1.676,35.196,"2026-02-19 22:22:50",15:31:00,Cash,33.52,4.761904716,1.676,6.7,Afternoon,Thursday,February,Bad
650-98-6268,Rohini,Delhi,Telangana,Prime,Female,"Tropicana Juice","Food and beverages",20.87,4,6.12,128.61,"2026-04-05 11:54:21",13:53:00,"Credit card",72.48,4.761904716,6.12,8,Afternoon,Sunday,April,Bad
651-61-0874,Gachibowli,Hyderabad,Telangana,Basic,Male,"Coffee Mug","Home and lifestyle",46.22,6,13.31,402.54,"2026-09-15 00:47:07",20:04:00,"Credit card",266.23,4.761904716,19.16,6.2,Evening,Tuesday,September,Bad
651-88-7328,Saket,Delhi,Maharashtra,Elite,Female,"Baseball Cap","Fashion accessories",65.74,9,38.46,1068.07,"2026-01-19 03:46:10",13:55:00,UPI,591.66,4.761904716,50.86,7.7,Afternoon,Monday,January,Good
651-96-5970,Indiranagar,Bangalore,Maharashtra,Elite,Male,"Leather Wallet","Fashion accessories",46.41,1,4.81,145.52,"2026-08-19 16:33:13",20:06:00,"Credit card",66.83,4.761904716,6.92,4,Evening,Wednesday,August,Bad
652-43-6591,Saket,Delhi,Telangana,Basic,Female,"Baseball Cap","Fashion accessories",97.29,12,72.85,2023.24,"2026-07-21 16:35:50",13:18:00,"Credit card",1120.78,4.761904716,96.36,6.2,Afternoon,Tuesday,July,Good
652-49-6720,Baner,Pune,Delhi,Elite,Female,"Wireless Mouse","Electronic accessories",60.95,2,9.41,160.14,"2026-10-20 22:21:57",11:40:00,Cash,232.44,4.761904716,7.63,8,Morning,Tuesday,October,Bad
655-07-2265,"Connaught Place",Delhi,Karnataka,Basic,Male,"Wireless Mouse","Electronic accessories",78.31,4,22.98,967.65,"2026-04-04 11:34:27",16:38:00,UPI,271.96,4.761904716,46.08,7.9,Evening,Saturday,April,Bad
655-85-5130,Powai,Mumbai,Karnataka,Elite,Female,"Leather Wallet","Fashion accessories",38.3,6,14.34,573.48,"2026-08-24 18:37:03",19:22:00,"Credit Card",220.61,4.761904716,27.31,5.7,Evening,Monday,August,Bad
656-16-1063,"Connaught Place",Delhi,Delhi,Prime,Male,"Yoga Mat","Sports and travel",46.42,5,16.5,346.44,"2026-12-11 09:33:59",13:24:00,UPI,253.8,4.761904716,16.5,4.4,Afternoon,Friday,December,Bad
656-95-9349,"Hitech City",Hyderabad,Delhi,Basic,Female,Sunscreen,"Health and beauty",68.93,7,24.1255,542.72,"2026-02-27 14:12:22",11:03:00,"Credit card",482.51,4.761904716,25.84,4.6,Morning,Friday,February,Good
658-66-3967,Indiranagar,Bangalore,Delhi,Elite,Male,Sunscreen,"Health and beauty",53.19,13,48.96,1028.2,"2026-06-27 15:49:14",15:42:00,UPI,523.1,4.761904716,48.96,5,Afternoon,Saturday,June,Good
659-36-1684,Koramangala,Bangalore,Telangana,Elite,Male,"Cricket Bat","Sports and travel",57.12,16,68.22,1432.33,"2026-11-01 04:44:07",12:02:00,UPI,728.7,4.761904716,68.22,6.5,Afternoon,Sunday,November,Good
659-65-8956,Rohini,Delhi,Maharashtra,Prime,Male,"Baseball Cap","Fashion accessories",51.36,1,4.71,98.5,"2026-06-25 19:35:17",15:26:00,UPI,72.15,4.761904716,4.71,5.2,Afternoon,Thursday,June,Bad
660-29-7083,Baner,Pune,Delhi,Prime,Male,"Power Bank","Electronic accessories",55.87,14,32.58,952.74,"2026-08-21 17:33:21",15:01:00,Cash,804.53,4.761904716,45.37,7,Afternoon,Friday,August,Good
662-47-5456,Gachibowli,Hyderabad,Telangana,Elite,Male,"Baseball Cap","Fashion accessories",35.19,42,70.14,2121.24,"2026-10-01 13:16:08",19:06:00,"Credit card",1402.95,4.761904716,101,8.4,Evening,Thursday,October,Good
662-72-2873,Whitefield,Bangalore,Maharashtra,Basic,Female,"Oreo Biscuits","Food and beverages",40.94,7,21.23,445.68,"2026-07-08 22:06:22",13:58:00,UPI,294.77,4.761904716,21.23,9.9,Afternoon,Wednesday,July,Bad
663-86-9076,Whitefield,Bangalore,Telangana,Elite,Female,Coca-Cola,"Food and beverages",68.54,10,47.38,994.87,"2026-01-22 12:36:00",15:57:00,UPI,657.98,4.761904716,47.38,8.5,Afternoon,Thursday,January,Good
664-14-2882,Bandra,Mumbai,Karnataka,Elite,Female,"Storage Basket","Home and lifestyle",10.53,21,14.26,299.47,"2026-06-14 16:26:45",14:43:00,"Credit card",168.79,4.761904716,14.26,5.8,Afternoon,Sunday,June,Bad
665-32-9167,"Banjara Hills",Hyderabad,Delhi,Prime,Female,Shampoo,"Health and beauty",36.26,2,3.626,145.03,"2026-01-26 07:04:22",17:15:00,"Credit card",72.52,4.761904716,6.9,7.2,Evening,Monday,January,Bad
665-63-9737,Indiranagar,Bangalore,Delhi,Basic,Male,Sunglasses,"Fashion accessories",52.42,3,13.12,396.37,"2026-04-07 10:22:09",17:36:00,UPI,182.05,4.761904716,18.86,7.5,Evening,Tuesday,April,Bad
667-23-5919,Powai,Mumbai,Maharashtra,Prime,Female,Handbag,"Fashion accessories",96.7,10,57.41,1594.13,"2026-05-16 13:21:40",12:52:00,Ewallet,679.28,4.761904716,75.93,7,Afternoon,Saturday,May,Good
667-92-0055,Rohini,Delhi,Telangana,Prime,Male,"Body Lotion","Health and beauty",99.83,8,56.07,1177.35,"2026-09-03 16:32:18",15:02:00,UPI,862.54,4.761904716,56.07,8.5,Afternoon,Thursday,September,Good
668-90-8900,Rohini,Delhi,Telangana,Prime,Female,"Storage Basket","Home and lifestyle",93.69,30,177.63,5371.56,"2026-06-06 01:58:46",18:44:00,"Credit card",2102.15,4.761904716,255.79,4.5,Evening,Saturday,June,Good
669-54-1719,Hinjawadi,Pune,Karnataka,Basic,Male,"Power Bank","Electronic accessories",18.93,7,4.49,131.15,"2026-02-14 08:46:04",12:45:00,"Credit card",85.19,4.761904716,6.24,7.1,Afternoon,Saturday,February,Bad
670-71-7306,Koramangala,Bangalore,Telangana,Prime,Male,"Yoga Mat","Sports and travel",44.63,9,27.1,819.13,"2026-06-17 04:46:18",20:08:00,UPI,376.21,4.761904716,39.01,5.1,Evening,Wednesday,June,Bad
670-79-6321,"Hitech City",Hyderabad,Delhi,Prime,Female,"Table Lamp","Home and lifestyle",94.59,10,47.68,1001.14,"2026-08-14 11:45:20",15:27:00,"Credit card",953.47,4.761904716,47.68,4.9,Afternoon,Friday,August,Good
672-51-8681,Powai,Mumbai,Maharashtra,Elite,Female,"Bluetooth Speaker","Electronic accessories",66.65,13,56.15,1697.84,"2026-08-07 12:24:34",18:19:00,"Credit Card",863.78,4.761904716,80.86,7.6,Evening,Friday,August,Good
674-15-9296,Baner,Pune,Karnataka,Basic,Male,"Yoga Mat","Sports and travel",37.14,12,17.82,374.21,"2026-10-17 09:58:53",13:05:00,Ewallet,338.45,4.761904716,17.82,5,Afternoon,Saturday,October,Bad
674-56-6360,"Connaught Place",Delhi,Maharashtra,Prime,Male,"Mechanical Keyboard","Electronic accessories",95.15,1,11.57,338.54,"2026-09-13 05:57:40",14:00:00,UPI,137.02,4.761904716,16.14,8.4,Afternoon,Sunday,September,Bad
676-10-2200,Gachibowli,Hyderabad,Telangana,Prime,Male,Sunglasses,"Fashion accessories",53.78,1,3.5,105.7,"2026-02-22 23:25:56",20:13:00,Ewallet,53.78,4.761904716,5.04,4.7,Evening,Sunday,February,Bad
676-39-6028,Baner,Pune,Karnataka,Prime,Female,"Mechanical Keyboard","Electronic accessories",64.44,10,23.83,720.72,"2026-06-13 07:33:41",17:04:00,Cash,452.66,4.761904716,34.33,6.8,Evening,Saturday,June,Good
677-11-0152,Saket,Delhi,Delhi,Elite,Female,"Tropicana Juice","Food and beverages",93.26,14,75.79,2291.84,"2026-03-25 04:46:42",18:08:00,UPI,1165.97,4.761904716,109.14,8.8,Evening,Wednesday,March,Good
678-79-0726,Baner,Pune,Maharashtra,Prime,Female,"Gym Bag","Sports and travel",90.63,9,38.24,803.08,"2026-04-23 22:44:10",15:28:00,Cash,944.23,4.761904716,38.24,5.1,Afternoon,Thursday,April,Good
679-22-6530,Gachibowli,Hyderabad,Telangana,Prime,Female,"Travel Backpack","Sports and travel",40.62,4,7.4,125.92,"2026-10-23 04:59:01",10:01:00,"Credit card",148.05,4.761904716,5.99,4.1,Morning,Friday,October,Bad
685-64-1609,Bandra,Mumbai,Maharashtra,Prime,Female,Sunglasses,"Fashion accessories",30.14,14,28.21,783.47,"2026-08-11 10:03:59",12:28:00,"Credit Card",434.02,4.761904716,37.31,9.2,Afternoon,Tuesday,August,Bad
686-41-0932,"Hitech City",Hyderabad,Telangana,Elite,Female,"Wrist Watch","Fashion accessories",34.7,2,4.01,160.63,"2026-04-10 02:24:39",19:48:00,Ewallet,80.34,4.761904716,7.65,8.2,Evening,Friday,April,Bad
687-15-1097,Hinjawadi,Pune,Maharashtra,Elite,Female,"Body Lotion","Health and beauty",21.12,2,2.47,98.52,"2026-09-08 03:12:40",19:17:00,Cash,60.83,4.761904716,4.69,9.7,Evening,Tuesday,September,Bad
687-47-8271,Andheri,Mumbai,Maharashtra,Elite,Male,"Leather Wallet","Fashion accessories",98.98,14,92.65,2801.6,"2026-08-10 15:18:44",16:20:00,"Credit Card",1425.31,4.761904716,133.42,8.7,Evening,Monday,August,Good
689-05-1884,Indiranagar,Bangalore,Telangana,Prime,Male,Sunscreen,"Health and beauty",48.63,23,76.86,1614.1,"2026-05-14 22:02:05",12:44:00,UPI,1067.54,4.761904716,76.86,8.8,Afternoon,Thursday,May,Good
689-16-9784,Rohini,Delhi,Telangana,Prime,Male,"Oreo Biscuits","Food and beverages",46.77,9,25.62,538.15,"2026-06-29 16:50:57",13:37:00,UPI,394.24,4.761904716,25.62,6,Afternoon,Monday,June,Bad
690-01-6631,Rohini,Delhi,Karnataka,Elite,Male,Sunglasses,"Fashion accessories",17.49,10,11.37,343.78,"2026-01-14 01:49:30",18:35:00,UPI,174.9,4.761904716,16.37,6.6,Evening,Wednesday,January,Bad
692-27-8933,Rohini,Delhi,Telangana,Elite,Female,"Yoga Mat","Sports and travel",57.95,6,26.16,549.43,"2026-04-09 03:01:56",13:02:00,UPI,402.51,4.761904716,26.16,5.2,Afternoon,Thursday,April,Good
692-92-5582,Koramangala,Bangalore,Maharashtra,Prime,Female,"Lay's Chips","Food and beverages",54.84,2,11.04,232.13,"2026-10-26 17:11:19",13:27:00,"Credit card",153.52,4.761904716,11.04,5.9,Afternoon,Monday,October,Bad
695-09-5146,Koramangala,Bangalore,Maharashtra,Elite,Female,"Tropicana Juice","Food and beverages",98.79,5,33.29,1006.66,"2026-02-15 11:17:47",20:00:00,Ewallet,355.64,4.761904716,47.94,6.4,Evening,Sunday,February,Bad
695-28-6250,Andheri,Mumbai,Delhi,Elite,Female,"Travel Backpack","Sports and travel",43.06,9,25.51,771.28,"2026-12-25 11:56:06",16:38:00,Ewallet,392.39,4.761904716,36.72,7.7,Evening,Friday,December,Bad
695-51-0018,Powai,Mumbai,Delhi,Basic,Female,"Travel Backpack","Sports and travel",34.84,12,26.48,800.75,"2026-07-17 05:06:03",18:36:00,"Credit Card",407.36,4.761904716,38.15,7.4,Evening,Friday,July,Bad
696-90-2548,Kharadi,Pune,Telangana,Elite,Male,"Travel Backpack","Sports and travel",25.84,3,4.42,133.37,"2026-06-10 13:30:02",18:55:00,Cash,108.91,4.761904716,6.35,6.6,Evening,Wednesday,June,Bad
698-98-5964,Hinjawadi,Pune,Karnataka,Basic,Female,"Lay's Chips","Food and beverages",81.21,13,46.21,970.37,"2026-06-29 18:36:20",13:01:00,Cash,1140.94,4.761904716,46.21,6.3,Afternoon,Monday,June,Good
699-01-4164,Bandra,Mumbai,Maharashtra,Elite,Male,"Body Lotion","Health and beauty",41.5,9,23.71,716.32,"2026-05-26 16:00:00",19:58:00,"Credit Card",364.4,4.761904716,34.16,8.2,Evening,Tuesday,May,Bad
699-14-3026,Bandra,Mumbai,Maharashtra,Prime,Male,"USB Flash Drive","Electronic accessories",85.39,5,29.13,1226.94,"2026-02-20 16:33:13",18:30:00,Ewallet,448.3,4.761904716,58.41,8.1,Evening,Friday,February,Good
699-88-1972,"Connaught Place",Delhi,Telangana,Prime,Male,Sunscreen,"Health and beauty",99.16,8,51.56,1559.27,"2026-01-13 02:31:04",17:47:00,"Credit card",793.28,4.761904716,74.26,4.2,Evening,Tuesday,January,Good
700-81-1757,Andheri,Mumbai,Maharashtra,Basic,Female,"Wireless Mouse","Electronic accessories",26.31,8,12.01,363.28,"2026-06-03 18:51:26",20:59:00,"Credit Card",184.82,4.761904716,17.3,7.9,Evening,Wednesday,June,Bad
701-23-5550,Andheri,Mumbai,Maharashtra,Prime,Male,Bedsheet,"Home and lifestyle",38.81,6,14.52,305.14,"2026-09-01 23:37:50",13:40:00,Ewallet,223.55,4.761904716,14.52,4.9,Afternoon,Tuesday,September,Bad
701-69-8742,Indiranagar,Bangalore,Karnataka,Elite,Male,Football,"Sports and travel",34.37,19,45.1,767.16,"2026-12-02 15:16:04",10:11:00,Ewallet,626.4,4.761904716,36.54,6.7,Morning,Wednesday,December,Good
702-72-0487,Koramangala,Bangalore,Delhi,Basic,Female,"USB Flash Drive","Electronic accessories",46.61,2,9.42,198.04,"2026-06-05 05:24:41",12:28:00,UPI,130.97,4.761904716,9.42,8.4,Afternoon,Friday,June,Bad
702-83-5291,Kharadi,Pune,Maharashtra,Elite,Male,Handbag,"Fashion accessories",99.82,36,145.06,2467.37,"2026-11-06 13:24:29",10:43:00,Cash,3581.62,4.761904716,117.5,6.6,Morning,Friday,November,Good
704-10-4056,Bandra,Mumbai,Maharashtra,Prime,Male,"Lip Balm","Health and beauty",60.47,5,21.31,362.79,"2026-04-03 14:03:14",10:55:00,"Credit card",328.14,4.761904716,17.27,5.6,Morning,Friday,April,Bad
704-11-6354,Bandra,Mumbai,Maharashtra,Elite,Male,"Coffee Mug","Home and lifestyle",58.9,8,35.46,603.11,"2026-03-04 02:21:10",11:23:00,"Credit Card",545.48,4.761904716,28.73,8.9,Morning,Wednesday,March,Good
704-20-4138,Powai,Mumbai,Delhi,Prime,Female,"Face Wash","Health and beauty",29.67,12,24.61,983.94,"2026-12-23 14:13:11",18:58:00,"Credit card",378.51,4.761904716,46.84,8.1,Evening,Wednesday,December,Bad
704-48-3927,Andheri,Mumbai,Maharashtra,Basic,Male,"Bluetooth Speaker","Electronic accessories",88.67,8,43.22,1263.97,"2026-01-12 09:00:00",14:50:00,Ewallet,665.03,4.761904716,60.19,8,Afternoon,Monday,January,Good
706-36-6154,Rohini,Delhi,Telangana,Basic,Male,"Storage Basket","Home and lifestyle",19.36,16,20.64,624.2,"2026-10-13 19:01:27",18:43:00,UPI,317.55,4.761904716,29.72,8.7,Evening,Tuesday,October,Bad
707-32-7409,Kharadi,Pune,Telangana,Basic,Female,"Gym Bag","Sports and travel",95.54,12,45.24,769.62,"2026-08-12 16:27:44",11:58:00,Cash,1117.11,4.761904716,36.65,4.5,Morning,Wednesday,August,Good
709-58-4068,Indiranagar,Bangalore,Delhi,Basic,Female,Sunglasses,"Fashion accessories",41.09,14,42.6,1183.15,"2026-08-04 21:33:54",14:42:00,UPI,591.7,4.761904716,56.33,7.3,Afternoon,Tuesday,August,Good
710-46-4433,Andheri,Mumbai,Maharashtra,Prime,Female,Coca-Cola,"Food and beverages",77.4,17,84.77,1780.01,"2026-09-20 21:34:37",14:15:00,"Credit Card",1003.1,4.761904716,84.77,4.5,Afternoon,Sunday,September,Good
711-31-1234,Koramangala,Bangalore,Maharashtra,Prime,Female,"Power Bank","Electronic accessories",95.64,4,38.68,1170.22,"2026-05-04 23:52:43",18:51:00,UPI,537.48,4.761904716,55.7,8.4,Evening,Monday,May,Good
712-39-0363,Koramangala,Bangalore,Karnataka,Elite,Male,"Oreo Biscuits","Food and beverages",41.66,6,16.8,352.67,"2026-12-17 19:30:15",15:24:00,Ewallet,233.25,4.761904716,16.8,5.6,Afternoon,Thursday,December,Bad
714-02-3114,"Banjara Hills",Hyderabad,Maharashtra,Basic,Female,"Gym Bag","Sports and travel",98.8,2,11.43,194.54,"2026-03-09 11:40:24",11:39:00,Cash,228.74,4.761904716,9.26,7.7,Morning,Monday,March,Bad
715-20-1673,"Hitech City",Hyderabad,Karnataka,Prime,Male,"Wireless Mouse","Electronic accessories",28.38,19,27.06,1139.27,"2026-11-17 22:15:29",20:57:00,Cash,541.17,4.761904716,54.26,7.2,Evening,Tuesday,November,Bad
716-39-1409,Rohini,Delhi,Delhi,Elite,Male,Sunscreen,"Health and beauty",30.35,7,13.81,417.6,"2026-01-02 05:50:30",18:19:00,UPI,212.45,4.761904716,19.9,8,Evening,Friday,January,Bad
717-96-4189,"Banjara Hills",Hyderabad,Karnataka,Basic,Female,"Mechanical Keyboard","Electronic accessories",35.49,7,12.02,252.34,"2026-03-15 06:40:16",12:40:00,Cash,184.89,4.761904716,12.03,8.4,Afternoon,Sunday,March,Bad
718-57-9773,Kharadi,Pune,Karnataka,Elite,Female,Football,"Sports and travel",49.33,19,36.41,1101.08,"2026-10-14 02:10:39",16:40:00,"Credit card",899.05,4.761904716,52.44,9.4,Evening,Wednesday,October,Good
719-76-3868,Rohini,Delhi,Maharashtra,Prime,Male,"Oreo Biscuits","Food and beverages",94.26,5,29.41,889.32,"2026-02-06 05:20:01",16:30:00,Cash,452.45,4.761904716,42.34,8.6,Evening,Friday,February,Good
719-89-8991,Bandra,Mumbai,Delhi,Elite,Female,"Cricket Bat","Sports and travel",91.41,12,70.4,2128.46,"2026-10-25 09:44:33",16:03:00,Ewallet,832.98,4.761904716,101.35,7.1,Evening,Sunday,October,Good
720-72-2436,Andheri,Mumbai,Maharashtra,Basic,Male,"Tropicana Juice","Food and beverages",66.52,8,32.36,979.06,"2026-08-02 17:06:27",18:14:00,"Credit Card",383.16,4.761904716,46.59,6.9,Evening,Sunday,August,Bad
721-86-6247,Bandra,Mumbai,Telangana,Prime,Female,"Wall Clock","Home and lifestyle",63.42,15,60.11,1262.16,"2026-10-22 21:21:32",12:55:00,Ewallet,924.67,4.761904716,60.11,7.4,Afternoon,Thursday,October,Good
722-13-2115,"Banjara Hills",Hyderabad,Maharashtra,Prime,Male,Football,"Sports and travel",42.85,1,2.1425,44.9925,"2026-01-12 11:51:16",15:36:00,"Credit card",42.85,4.761904716,2.1425,9.3,Afternoon,Monday,January,Bad
725-32-9708,Saket,Delhi,Delhi,Elite,Female,Handbag,"Fashion accessories",68.71,5,32.63,1304.87,"2026-05-16 09:00:19",19:01:00,Cash,386.13,4.761904716,62.13,4.1,Evening,Saturday,May,Bad
725-54-0677,"Hitech City",Hyderabad,Maharashtra,Basic,Male,Sunscreen,"Health and beauty",85.6,12,54.61,1146.65,"2026-10-06 16:24:44",13:50:00,Cash,1092.04,4.761904716,54.61,5.3,Afternoon,Tuesday,October,Good
725-56-0833,Whitefield,Bangalore,Telangana,Prime,Female,"Body Lotion","Health and beauty",32.32,10,23.27,930.65,"2026-02-18 14:46:59",16:49:00,"Credit card",323.2,4.761904716,44.31,9.9,Evening,Wednesday,February,Good
725-67-2480,Saket,Delhi,Telangana,Elite,Female,Handbag,"Fashion accessories",58.75,14,60.05,2401.53,"2026-09-05 13:10:17",18:14:00,UPI,710.64,4.761904716,114.37,5.9,Evening,Saturday,September,Good
725-96-3778,"Banjara Hills",Hyderabad,Maharashtra,Elite,Female,"Coffee Mug","Home and lifestyle",89.25,12,51.41,874.46,"2026-09-15 21:12:31",10:13:00,Cash,1028.16,4.761904716,41.64,4.7,Morning,Tuesday,September,Good
726-27-2396,Andheri,Mumbai,Telangana,Prime,Female,"Face Wash","Health and beauty",77.5,8,45.56,1822.06,"2026-04-20 20:25:24",20:36:00,"Credit Card",700.91,4.761904716,86.79,4.3,Evening,Monday,April,Good
726-29-6793,Bandra,Mumbai,Maharashtra,Basic,Male,"Mechanical Keyboard","Electronic accessories",24.18,14,22.97,966.97,"2026-05-10 05:10:05",20:54:00,"Credit Card",271.77,4.761904716,46.03,7.7,Evening,Sunday,May,Bad
727-02-1313,Gachibowli,Hyderabad,Telangana,Elite,Male,Coca-Cola,"Food and beverages",31.84,1,1.91,40.12,"2026-01-06 10:22:56",13:22:00,Cash,38.21,4.761904716,1.91,7.7,Afternoon,Tuesday,January,Bad
727-17-0390,Indiranagar,Bangalore,Delhi,Basic,Female,"Lay's Chips","Food and beverages",63.61,6,27.48,577.07,"2026-02-12 06:45:05",12:43:00,Ewallet,381.66,4.761904716,27.48,4.8,Afternoon,Thursday,February,Good
727-46-3608,"Hitech City",Hyderabad,Karnataka,Elite,Female,"Tropicana Juice","Food and beverages",20.01,11,10.81,226.91,"2026-01-22 10:50:10",15:47:00,Ewallet,216.11,4.761904716,10.81,4.1,Afternoon,Thursday,January,Bad
727-75-6477,Koramangala,Bangalore,Maharashtra,Basic,Male,"Mechanical Keyboard","Electronic accessories",28.84,3,6.24,182.16,"2026-01-30 01:07:29",14:44:00,UPI,86.52,4.761904716,8.7,7,Afternoon,Friday,January,Bad
728-47-9078,Gachibowli,Hyderabad,Delhi,Prime,Male,"Tropicana Juice","Food and beverages",59.59,3,11.13,233.54,"2026-12-29 19:50:40",12:46:00,Cash,222.42,4.761904716,11.13,9.8,Afternoon,Tuesday,December,Bad
728-88-7867,Gachibowli,Hyderabad,Maharashtra,Prime,Female,"Coffee Mug","Home and lifestyle",75.53,4,15.106,317.226,"2026-02-26 06:55:29",15:52:00,Ewallet,302.12,4.761904716,15.106,8.3,Afternoon,Thursday,February,Bad
729-06-2010,Baner,Pune,Telangana,Basic,Male,Sunscreen,"Health and beauty",80.47,16,53.46,909.3,"2026-12-25 00:58:13",11:18:00,Cash,1319.91,4.761904716,43.3,9.2,Morning,Friday,December,Good
729-09-9681,Whitefield,Bangalore,Telangana,Basic,Male,Bedsheet,"Home and lifestyle",25.91,23,38.44,653.69,"2026-04-05 04:06:46",10:16:00,UPI,410.59,4.761904716,31.15,8.7,Morning,Sunday,April,Bad
729-46-7422,Saket,Delhi,Delhi,Elite,Male,"Tropicana Juice","Food and beverages",35.89,1,2.8,84.65,"2026-01-30 21:24:44",16:52:00,"Credit card",43.07,4.761904716,4.02,7.9,Evening,Friday,January,Bad
730-50-9884,Rohini,Delhi,Delhi,Prime,Female,"Cricket Bat","Sports and travel",83.06,9,56.88,1194.36,"2026-03-21 09:48:58",14:31:00,UPI,673.06,4.761904716,56.88,4,Afternoon,Saturday,March,Good
730-61-8757,Gachibowli,Hyderabad,Maharashtra,Prime,Male,Sunscreen,"Health and beauty",51.13,12,29.17,496.42,"2026-05-24 17:47:54",10:11:00,"Credit card",448.96,4.761904716,23.63,4,Morning,Sunday,May,Bad
730-70-9830,"Hitech City",Hyderabad,Maharashtra,Elite,Female,Bedsheet,"Home and lifestyle",70.11,10,39.38,1190.67,"2026-07-12 09:49:22",17:54:00,Ewallet,605.75,4.761904716,56.71,5.2,Evening,Sunday,July,Good
731-14-2199,"Hitech City",Hyderabad,Maharashtra,Basic,Female,"Wall Clock","Home and lifestyle",35.54,42,74.05,1554.98,"2026-06-20 02:26:58",13:34:00,Ewallet,1139.2,4.761904716,74.05,7,Afternoon,Saturday,June,Good
731-59-7531,"Banjara Hills",Hyderabad,Maharashtra,Basic,Male,"Body Lotion","Health and beauty",72.57,8,29.028,877.81,"2026-02-11 06:08:08",17:58:00,Cash,580.56,4.761904716,41.8,4.6,Evening,Wednesday,February,Good
731-81-9469,"Connaught Place",Delhi,Karnataka,Basic,Female,"Gym Bag","Sports and travel",89.8,19,106.39,2233.97,"2026-12-10 22:31:58",13:00:00,"Credit card",1636.61,4.761904716,106.39,5.4,Afternoon,Thursday,December,Good
732-04-5373,Hinjawadi,Pune,Telangana,Elite,Male,"Storage Basket","Home and lifestyle",46.47,9,17.85,303.39,"2026-11-14 12:54:19",10:53:00,Cash,338.77,4.761904716,14.46,7,Morning,Saturday,November,Bad
732-67-5346,"Connaught Place",Delhi,Telangana,Elite,Male,"Oreo Biscuits","Food and beverages",13.79,6,5.38,162.65,"2026-01-28 18:24:27",19:07:00,UPI,82.74,4.761904716,7.75,7.8,Evening,Wednesday,January,Bad
732-94-0499,Saket,Delhi,Karnataka,Basic,Female,"Power Bank","Electronic accessories",41.65,14,38.99,1178.89,"2026-08-10 17:35:46",17:04:00,UPI,599.76,4.761904716,56.15,7.6,Evening,Monday,August,Good
733-01-9107,Saket,Delhi,Maharashtra,Elite,Male,"Table Lamp","Home and lifestyle",82.7,11,58.77,1777.52,"2026-11-05 00:39:34",18:14:00,Cash,904.32,4.761904716,84.65,7.4,Evening,Thursday,November,Good
733-29-1227,Whitefield,Bangalore,Maharashtra,Basic,Male,"Table Lamp","Home and lifestyle",55.61,13,52.48,1101.83,"2026-08-08 22:09:53",12:41:00,Cash,560.54,4.761904716,52.48,8.5,Afternoon,Saturday,August,Good
733-33-4967,Gachibowli,Hyderabad,Delhi,Basic,Male,"USB Flash Drive","Electronic accessories",20.85,40,41.35,1740.95,"2026-10-25 07:11:47",19:17:00,Cash,636.1,4.761904716,82.9,8.1,Evening,Sunday,October,Bad
734-91-1155,Saket,Delhi,Delhi,Basic,Female,"USB Flash Drive","Electronic accessories",45.71,2,6.68,113.72,"2026-01-21 09:15:05",10:34:00,"Credit card",102.85,4.761904716,5.42,7.6,Morning,Wednesday,January,Bad
735-06-4124,Whitefield,Bangalore,Maharashtra,Basic,Male,"Tropicana Juice","Food and beverages",48.61,1,4.24,89.15,"2026-10-04 15:00:26",15:31:00,Cash,45.36,4.761904716,4.24,4.4,Afternoon,Sunday,October,Bad
735-32-9839,"Banjara Hills",Hyderabad,Telangana,Basic,Male,"Leather Wallet","Fashion accessories",98.7,34,157.4,2677.31,"2026-11-09 09:52:30",10:36:00,Ewallet,3147.91,4.761904716,127.49,8.5,Morning,Monday,November,Good
737-88-5876,Andheri,Mumbai,Maharashtra,Elite,Male,"Wall Clock","Home and lifestyle",23.29,14,19.45,330.17,"2026-06-26 04:33:52",11:52:00,"Credit card",298.61,4.761904716,15.75,5.9,Morning,Friday,June,Bad
740-11-5257,Gachibowli,Hyderabad,Maharashtra,Basic,Male,"Bluetooth Speaker","Electronic accessories",24.74,14,17.81,750.01,"2026-07-01 21:50:50",16:44:00,Cash,356.26,4.761904716,35.71,6.9,Evening,Wednesday,July,Bad
740-22-2500,Andheri,Mumbai,Delhi,Elite,Female,"Wireless Mouse","Electronic accessories",84.05,2,12.3,258.14,"2026-01-23 14:01:05",13:29:00,"Credit Card",189.11,4.761904716,12.3,7.1,Afternoon,Friday,January,Bad
741-73-3559,"Banjara Hills",Hyderabad,Karnataka,Basic,Male,"Cricket Bat","Sports and travel",67.27,15,49.16,1486.62,"2026-09-24 21:43:10",17:27:00,Cash,983.22,4.761904716,70.79,6.9,Evening,Thursday,September,Good
742-04-5161,Powai,Mumbai,Telangana,Prime,Male,"Wall Clock","Home and lifestyle",72.78,32,151.65,4585.48,"2026-05-01 22:30:40",17:24:00,Cash,2332.85,4.761904716,218.36,7.3,Evening,Friday,May,Good
743-04-1105,Rohini,Delhi,Telangana,Basic,Male,"Body Lotion","Health and beauty",97.22,17,106.47,2235.81,"2026-09-12 16:14:04",14:43:00,Ewallet,1259.98,4.761904716,106.47,6,Afternoon,Saturday,September,Good
743-88-1662,Koramangala,Bangalore,Maharashtra,Elite,Male,"Cricket Bat","Sports and travel",95.49,7,55.72,1684.75,"2026-04-16 09:51:18",18:17:00,Ewallet,773.79,4.761904716,80.22,8.7,Evening,Thursday,April,Good
744-02-5987,Indiranagar,Bangalore,Maharashtra,Basic,Male,"Wall Clock","Home and lifestyle",78.38,6,39.2,823.14,"2026-03-11 17:08:19",14:16:00,Ewallet,544.4,4.761904716,39.2,5.8,Afternoon,Wednesday,March,Good
744-09-5786,Koramangala,Bangalore,Telangana,Elite,Male,"Bluetooth Speaker","Electronic accessories",22.01,5,7.13,300.27,"2026-01-02 20:56:26",18:50:00,Cash,99.05,4.761904716,14.29,6.6,Evening,Friday,January,Bad
744-16-7898,Bandra,Mumbai,Maharashtra,Elite,Female,"Wall Clock","Home and lifestyle",97.37,42,263.74,5538.3,"2026-05-10 03:37:21",13:48:00,"Credit card",3121.04,4.761904716,263.74,4.9,Afternoon,Sunday,May,Good
744-82-9138,Baner,Pune,Telangana,Basic,Male,"Wrist Watch","Fashion accessories",86.13,3,14.08,425.33,"2026-09-11 00:21:52",17:59:00,Cash,347.27,4.761904716,20.26,8.2,Evening,Friday,September,Bad
745-71-3520,"Banjara Hills",Hyderabad,Delhi,Prime,Female,"Power Bank","Electronic accessories",25.22,25,33.67,572.62,"2026-12-30 22:19:32",10:23:00,Cash,673.26,4.761904716,27.27,7.1,Morning,Wednesday,December,Bad
745-74-0715,"Connaught Place",Delhi,Delhi,Elite,Male,"Power Bank","Electronic accessories",58.03,2,10.86,457.44,"2026-08-31 12:54:26",20:46:00,UPI,167.12,4.761904716,21.76,7.3,Evening,Monday,August,Bad
746-04-1077,Baner,Pune,Maharashtra,Elite,Female,"Lay's Chips","Food and beverages",84.63,14,49.36,839.56,"2026-09-10 20:18:31",11:36:00,Cash,1218.67,4.761904716,39.98,9,Morning,Thursday,September,Good
746-19-0921,Koramangala,Bangalore,Maharashtra,Elite,Male,"Tropicana Juice","Food and beverages",21.58,1,1.86,31.72,"2026-02-26 05:42:00",10:02:00,UPI,25.9,4.761904716,1.51,7.2,Morning,Thursday,February,Bad
746-54-5508,Kharadi,Pune,Maharashtra,Elite,Male,Bedsheet,"Home and lifestyle",21.52,8,7.54,158.13,"2026-09-21 21:31:31",12:48:00,Cash,185.93,4.761904716,7.54,9.4,Afternoon,Monday,September,Bad
746-68-6593,"Banjara Hills",Hyderabad,Karnataka,Basic,Female,"Yoga Mat","Sports and travel",87.16,2,10.09,211.89,"2026-04-27 21:40:43",14:29:00,"Credit card",201.8,4.761904716,10.09,9.7,Afternoon,Monday,April,Bad
746-94-0204,Kharadi,Pune,Maharashtra,Basic,Male,Handbag,"Fashion accessories",83.24,13,43.69,743.19,"2026-07-24 02:09:59",11:56:00,Cash,1078.79,4.761904716,35.39,7.4,Morning,Friday,July,Good
747-58-7183,"Hitech City",Hyderabad,Telangana,Elite,Male,"Baseball Cap","Fashion accessories",57.27,13,34.24,1035.68,"2026-10-09 14:03:13",20:31:00,Ewallet,684.95,4.761904716,49.36,6.5,Evening,Friday,October,Bad
748-45-2862,Baner,Pune,Karnataka,Prime,Female,"Storage Basket","Home and lifestyle",28.31,6,6.6,199.7,"2026-08-13 07:31:23",18:35:00,Cash,163.07,4.761904716,9.5,8.2,Evening,Thursday,August,Bad
749-24-1565,Koramangala,Bangalore,Delhi,Elite,Female,"Face Wash","Health and beauty",23.03,13,21.5,596.83,"2026-09-22 16:27:27",12:02:00,UPI,298.46,4.761904716,28.43,7.9,Afternoon,Tuesday,September,Bad
749-81-8133,Kharadi,Pune,Telangana,Elite,Female,"Baseball Cap","Fashion accessories",94.67,4,17.75,493.07,"2026-04-03 04:59:02",12:04:00,Cash,438.36,4.761904716,23.47,6.8,Afternoon,Friday,April,Good
750-57-9686,Hinjawadi,Pune,Karnataka,Elite,Female,"Storage Basket","Home and lifestyle",45.38,12,25.26,530.08,"2026-04-12 18:34:51",13:48:00,"Credit card",479.43,4.761904716,25.26,8.7,Afternoon,Sunday,April,Bad
750-67-8428,Hinjawadi,Pune,Delhi,Basic,Female,"Face Wash","Health and beauty",74.69,7,21.18,588.06,"2026-01-12 20:10:45",13:08:00,Ewallet,522.83,4.761904716,28,9.1,Afternoon,Monday,January,Good
751-15-6198,"Connaught Place",Delhi,Maharashtra,Basic,Male,"Gym Bag","Sports and travel",23.01,8,11.66,352.79,"2026-02-08 00:10:46",16:45:00,UPI,138.06,4.761904716,16.78,7.9,Evening,Sunday,February,Bad
751-41-9720,Whitefield,Bangalore,Maharashtra,Basic,Male,"Wall Clock","Home and lifestyle",97.5,18,131.42,3973.97,"2026-09-20 13:47:48",16:18:00,UPI,1404,4.761904716,189.24,8,Evening,Sunday,September,Good
751-69-0068,Hinjawadi,Pune,Telangana,Prime,Male,"Yoga Mat","Sports and travel",99.24,36,137.45,4156.92,"2026-09-19 20:31:22",19:09:00,Ewallet,2610.87,4.761904716,197.91,9,Evening,Saturday,September,Good
752-23-3760,Hinjawadi,Pune,Karnataka,Basic,Female,"Travel Backpack","Sports and travel",64.08,7,18.17,549.36,"2026-02-16 01:45:48",19:29:00,Cash,448.56,4.761904716,26.17,7.3,Evening,Monday,February,Good
755-12-3214,Powai,Mumbai,Telangana,Prime,Female,"Wrist Watch","Fashion accessories",44.22,12,34.03,1361.73,"2026-12-26 16:47:55",17:07:00,"Credit card",402.96,4.761904716,64.84,8.6,Evening,Saturday,December,Bad
756-01-7507,Powai,Mumbai,Delhi,Prime,Female,"Face Wash","Health and beauty",20.38,9,12.39,495.88,"2026-07-19 15:18:27",18:56:00,Cash,146.74,4.761904716,23.61,6,Evening,Sunday,July,Bad
756-49-0168,Saket,Delhi,Delhi,Basic,Male,"Leather Wallet","Fashion accessories",19.7,1,2.41,40.78,"2026-07-19 19:39:20",11:39:00,UPI,28.37,4.761904716,1.94,9.5,Morning,Sunday,July,Bad
756-93-1854,"Hitech City",Hyderabad,Karnataka,Basic,Female,Sunglasses,"Fashion accessories",83.35,2,11.72,325.22,"2026-06-16 19:41:17",14:05:00,"Credit card",234.19,4.761904716,15.49,9.5,Afternoon,Tuesday,June,Bad
759-29-9521,Saket,Delhi,Maharashtra,Prime,Female,"Wrist Watch","Fashion accessories",48.96,23,75.08,1688.64,"2026-09-26 05:10:28",11:27:00,UPI,888.33,4.761904716,80.42,8,Morning,Saturday,September,Good
759-98-4285,Rohini,Delhi,Karnataka,Prime,Female,"Body Lotion","Health and beauty",85.87,16,92.56,3702.07,"2026-11-15 17:07:16",19:01:00,UPI,1095.48,4.761904716,176.25,8,Evening,Sunday,November,Good
760-27-5490,"Hitech City",Hyderabad,Maharashtra,Prime,Male,"Leather Wallet","Fashion accessories",15.62,15,11.38,344.35,"2026-12-14 14:43:56",20:37:00,Ewallet,227.75,4.761904716,16.39,9.1,Evening,Monday,December,Bad
760-53-9233,Kharadi,Pune,Maharashtra,Elite,Male,"Leather Wallet","Fashion accessories",41.28,4,7.54,228.24,"2026-03-21 05:49:34",18:37:00,"Credit card",143.36,4.761904716,10.87,8.5,Evening,Saturday,March,Bad
760-54-1821,Gachibowli,Hyderabad,Maharashtra,Basic,Male,"Wall Clock","Home and lifestyle",13.59,17,11.45,194.74,"2026-07-25 02:06:28",10:26:00,Cash,176.12,4.761904716,9.28,5.8,Morning,Saturday,July,Bad
760-90-2357,Hinjawadi,Pune,Maharashtra,Prime,Male,"USB Flash Drive","Electronic accessories",74.51,23,69.06,2019.02,"2026-10-01 11:36:55",15:08:00,Ewallet,1704.91,4.761904716,96.16,6.6,Afternoon,Thursday,October,Good
761-49-0439,Gachibowli,Hyderabad,Karnataka,Prime,Female,"Power Bank","Electronic accessories",12.1,6,4.2,71.48,"2026-03-04 09:43:08",10:17:00,Ewallet,84.04,4.761904716,3.4,6.6,Morning,Wednesday,March,Bad
764-44-8999,Powai,Mumbai,Karnataka,Elite,Female,"Body Lotion","Health and beauty",14.76,2,2.76,76.75,"2026-07-06 08:07:23",14:42:00,Ewallet,42.5,4.761904716,3.67,4.3,Afternoon,Monday,July,Bad
765-26-6951,Gachibowli,Hyderabad,Maharashtra,Prime,Male,"Travel Backpack","Sports and travel",72.61,8,28.32,481.69,"2026-02-28 18:52:12",10:39:00,"Credit card",435.66,4.761904716,22.93,6.9,Morning,Saturday,February,Good
766-85-7061,Hinjawadi,Pune,Telangana,Elite,Male,"Body Lotion","Health and beauty",87.87,17,64.99,1105.6,"2026-06-14 21:25:26",10:25:00,Cash,1234.51,4.761904716,52.65,5.1,Morning,Sunday,June,Good
767-05-1286,Andheri,Mumbai,Karnataka,Prime,Female,"Coffee Mug","Home and lifestyle",83.77,6,32.67,686.08,"2026-02-11 21:13:23",12:10:00,Ewallet,502.62,4.761904716,32.67,5.4,Afternoon,Wednesday,February,Good
767-54-1907,"Connaught Place",Delhi,Telangana,Prime,Female,"Wrist Watch","Fashion accessories",29.56,7,12.49,499.47,"2026-01-31 18:25:26",16:59:00,UPI,147.8,4.761904716,23.78,6.9,Evening,Saturday,January,Bad
767-97-4650,"Connaught Place",Delhi,Telangana,Basic,Female,"Yoga Mat","Sports and travel",64.83,9,32.06,544.79,"2026-08-02 15:02:59",11:59:00,UPI,379,4.761904716,25.96,8,Morning,Sunday,August,Bad
770-42-8960,Bandra,Mumbai,Karnataka,Prime,Male,"Lay's Chips","Food and beverages",21.12,11,15.43,466.6,"2026-05-18 00:07:53",19:31:00,"Credit Card",237.38,4.761904716,22.21,6.3,Evening,Monday,May,Bad
775-72-1988,Saket,Delhi,Maharashtra,Elite,Male,"Wall Clock","Home and lifestyle",73.28,9,43.41,911.5,"2026-11-23 11:02:50",15:05:00,Ewallet,667.76,4.761904716,43.41,8.4,Afternoon,Monday,November,Good
776-68-1096,Whitefield,Bangalore,Maharashtra,Elite,Male,"Storage Basket","Home and lifestyle",44.12,5,13.73,288.17,"2026-08-13 16:43:01",13:45:00,UPI,190.6,4.761904716,13.73,7.9,Afternoon,Thursday,August,Bad
777-67-2495,Saket,Delhi,Telangana,Basic,Male,"Coffee Mug","Home and lifestyle",68.97,5,19.36,329.44,"2026-08-21 02:11:58",11:26:00,Ewallet,297.95,4.761904716,15.68,8.7,Morning,Friday,August,Bad
777-82-7220,Rohini,Delhi,Delhi,Elite,Male,"Table Lamp","Home and lifestyle",30.12,12,22.56,473.63,"2026-07-20 11:20:19",13:01:00,UPI,346.98,4.761904716,22.56,7.7,Afternoon,Monday,July,Bad
778-34-2523,Rohini,Delhi,Karnataka,Basic,Female,"Power Bank","Electronic accessories",48.62,12,36.41,619.28,"2026-09-18 03:38:29",10:57:00,UPI,560.1,4.761904716,29.49,6.7,Morning,Friday,September,Good
778-71-5554,Indiranagar,Bangalore,Karnataka,Basic,Male,"Baseball Cap","Fashion accessories",15.43,1,1.61,33.6,"2026-08-14 15:08:26",15:46:00,"Credit card",22.22,4.761904716,1.61,6.1,Afternoon,Friday,August,Bad
778-89-7974,Whitefield,Bangalore,Maharashtra,Prime,Male,"Face Wash","Health and beauty",70.21,10,54.88,1152.1,"2026-04-21 14:53:47",14:58:00,Cash,761.98,4.761904716,54.88,7.4,Afternoon,Tuesday,April,Good
779-06-0012,Saket,Delhi,Maharashtra,Elite,Female,"Wall Clock","Home and lifestyle",88.61,1,6.66,113.42,"2026-03-13 02:46:02",10:21:00,UPI,102.57,4.761904716,5.41,7.7,Morning,Friday,March,Bad
779-42-2410,Hinjawadi,Pune,Delhi,Prime,Male,"Nescafe Coffee","Food and beverages",57.74,2,6.55,137.47,"2026-12-28 14:30:36",13:06:00,Cash,161.63,4.761904716,6.55,7.7,Afternoon,Monday,December,Bad
781-84-8059,Andheri,Mumbai,Maharashtra,Elite,Male,"Leather Wallet","Fashion accessories",60.74,7,27.64,835.74,"2026-01-20 10:47:15",16:23:00,Ewallet,425.18,4.761904716,39.79,5,Evening,Tuesday,January,Good
782-95-9291,Gachibowli,Hyderabad,Delhi,Basic,Male,Coca-Cola,"Food and beverages",92.29,6,27.69,581.43,"2026-02-02 02:22:31",15:55:00,"Credit card",553.74,4.761904716,27.69,9,Afternoon,Monday,February,Good
783-09-1637,Baner,Pune,Maharashtra,Basic,Female,"Yoga Mat","Sports and travel",67.43,5,15.81,478.01,"2026-03-24 20:02:34",18:13:00,Ewallet,390.3,4.761904716,22.76,6.3,Evening,Tuesday,March,Good
784-08-0310,Bandra,Mumbai,Delhi,Elite,Female,"Tropicana Juice","Food and beverages",21.04,6,7.88,165.43,"2026-07-01 23:26:10",13:58:00,Cash,121.19,4.761904716,7.88,7.6,Afternoon,Wednesday,July,Bad
784-21-9238,"Connaught Place",Delhi,Maharashtra,Elite,Male,"Gym Bag","Sports and travel",10.17,1,1.22,25.36,"2026-05-24 00:54:08",14:15:00,UPI,14.29,4.761904716,1.22,5.9,Afternoon,Sunday,May,Bad
785-13-7708,Andheri,Mumbai,Maharashtra,Basic,Male,"Tropicana Juice","Food and beverages",73.06,10,51.87,1568.19,"2026-01-03 22:13:07",19:06:00,"Credit Card",613.7,4.761904716,74.7,4.2,Evening,Saturday,January,Good
785-96-0615,Baner,Pune,Delhi,Elite,Female,"Bluetooth Speaker","Electronic accessories",35.74,12,16.68,350.17,"2026-08-10 06:02:04",15:28:00,Ewallet,411.72,4.761904716,16.68,7.1,Afternoon,Monday,August,Bad
786-94-2700,Baner,Pune,Karnataka,Prime,Male,Coca-Cola,"Food and beverages",80.62,9,27.53,832.31,"2026-06-10 10:41:16",20:18:00,Cash,679.59,4.761904716,39.64,9.1,Evening,Wednesday,June,Good
787-15-1757,Gachibowli,Hyderabad,Delhi,Elite,Male,"Face Wash","Health and beauty",44.07,9,20.88,631.5,"2026-11-28 04:45:39",16:28:00,Ewallet,321.27,4.761904716,30.08,8.4,Evening,Saturday,November,Bad
787-56-0757,"Banjara Hills",Hyderabad,Karnataka,Elite,Female,"Oreo Biscuits","Food and beverages",80.36,4,18.61,562.63,"2026-04-09 18:15:51",18:45:00,"Credit card",372.11,4.761904716,26.8,8.3,Evening,Thursday,April,Good
787-87-2010,Powai,Mumbai,Maharashtra,Basic,Male,"Body Lotion","Health and beauty",55.5,7,26.31,552.28,"2026-12-28 16:10:34",15:48:00,"Credit Card",404.6,4.761904716,26.31,6.6,Afternoon,Monday,December,Bad
788-07-8452,Indiranagar,Bangalore,Karnataka,Elite,Female,"Table Lamp","Home and lifestyle",24.24,23,39.16,1184.12,"2026-05-25 22:58:14",17:38:00,UPI,543.86,4.761904716,56.38,9.4,Evening,Monday,May,Bad
788-21-5741,Powai,Mumbai,Maharashtra,Basic,Male,"Leather Wallet","Fashion accessories",45.38,5,12.74,267.61,"2026-08-07 02:51:13",13:34:00,"Credit Card",196.04,4.761904716,12.74,7.2,Afternoon,Friday,August,Bad
789-23-8625,Powai,Mumbai,Delhi,Elite,Male,"Wrist Watch","Fashion accessories",93.22,13,72.49,1232.69,"2026-10-20 15:29:16",11:45:00,Cash,1114.95,4.761904716,58.71,7.2,Morning,Tuesday,October,Bad
790-29-1172,Baner,Pune,Karnataka,Prime,Female,"Oreo Biscuits","Food and beverages",57.34,2,6.5,196.58,"2026-10-29 04:35:06",18:59:00,Cash,160.52,4.761904716,9.36,7.9,Evening,Thursday,October,Bad
790-38-4466,Andheri,Mumbai,Maharashtra,Prime,Female,"Body Lotion","Health and beauty",10.99,8,5.02,112.88,"2026-06-24 19:43:31",10:18:00,"Credit Card",77.19,4.761904716,5.38,9.3,Morning,Wednesday,June,Bad
793-10-3222,Powai,Mumbai,Delhi,Prime,Female,Shampoo,"Health and beauty",41.06,8,23.06,640.4,"2026-09-03 21:31:11",13:30:00,"Credit card",354.76,4.761904716,30.5,8.3,Afternoon,Thursday,September,Bad
794-32-2436,Koramangala,Bangalore,Maharashtra,Prime,Male,"USB Flash Drive","Electronic accessories",55.67,3,14.66,428.14,"2026-06-20 15:20:42",15:08:00,UPI,156.42,4.761904716,20.41,6.8,Afternoon,Saturday,June,Bad
794-42-3736,Hinjawadi,Pune,Maharashtra,Prime,Male,"Tropicana Juice","Food and beverages",33.33,2,2.52,52.9,"2026-10-19 01:52:53",14:41:00,"Credit card",62.21,4.761904716,2.52,6.4,Afternoon,Monday,October,Bad
795-49-7276,"Hitech City",Hyderabad,Delhi,Basic,Male,"Baseball Cap","Fashion accessories",37.15,7,13.54,409.49,"2026-12-29 17:38:35",18:59:00,Ewallet,270.82,4.761904716,19.5,8.3,Evening,Tuesday,December,Bad
796-12-2025,Hinjawadi,Pune,Maharashtra,Basic,Male,"Wrist Watch","Fashion accessories",62.12,20,50.71,1533.77,"2026-09-11 06:17:03",16:19:00,Cash,1252.34,4.761904716,73.03,5.9,Evening,Friday,September,Good
796-32-9050,Saket,Delhi,Telangana,Prime,Male,Coca-Cola,"Food and beverages",51.28,7,27.78,840.11,"2026-03-25 08:36:51",16:31:00,UPI,427.41,4.761904716,40,6.5,Evening,Wednesday,March,Good
797-88-0493,Indiranagar,Bangalore,Maharashtra,Basic,Female,"Body Lotion","Health and beauty",64.27,4,18.5,514.06,"2026-02-09 11:06:42",13:54:00,UPI,257.08,4.761904716,24.47,7.7,Afternoon,Monday,February,Bad
799-71-1548,Andheri,Mumbai,Telangana,Elite,Male,"Wireless Mouse","Electronic accessories",77.72,14,77.04,3244.74,"2026-12-28 13:35:50",16:11:00,"Credit card",1185.56,4.761904716,154.49,8.4,Evening,Monday,December,Good
800-09-8606,Rohini,Delhi,Delhi,Elite,Female,"Wall Clock","Home and lifestyle",87.37,9,51.75,1564.93,"2026-11-10 14:20:34",19:45:00,UPI,796.16,4.761904716,74.53,6.6,Evening,Tuesday,November,Good
801-88-0346,"Hitech City",Hyderabad,Maharashtra,Elite,Female,Sunglasses,"Fashion accessories",76.06,4,20.84,833.35,"2026-05-30 06:08:19",20:30:00,"Credit card",320.58,4.761904716,39.71,9.8,Evening,Saturday,May,Bad
802-43-8934,"Banjara Hills",Hyderabad,Maharashtra,Elite,Male,Bedsheet,"Home and lifestyle",18.28,1,0.914,19.194,"2026-01-19 11:33:01",15:05:00,"Credit card",18.28,4.761904716,0.914,8.3,Afternoon,Monday,January,Bad
802-70-5316,Baner,Pune,Maharashtra,Basic,Female,"Cricket Bat","Sports and travel",92.13,8,33.7,1018.84,"2026-04-04 20:12:28",20:34:00,Cash,639.91,4.761904716,48.52,8.3,Evening,Saturday,April,Good
803-17-8013,Koramangala,Bangalore,Karnataka,Prime,Female,"Table Lamp","Home and lifestyle",88.79,26,163.91,4957.33,"2026-06-10 15:59:56",17:09:00,UPI,2276.83,4.761904716,236.02,4.1,Evening,Wednesday,June,Good
803-83-5989,Whitefield,Bangalore,Karnataka,Elite,Male,"Table Lamp","Home and lifestyle",55.73,6,24.07,409.53,"2026-01-07 02:06:34",10:55:00,UPI,334.38,4.761904716,19.49,7,Morning,Wednesday,January,Good
804-38-3935,Gachibowli,Hyderabad,Delhi,Prime,Male,"Mechanical Keyboard","Electronic accessories",93.78,3,19.77,468.08,"2026-05-22 16:05:23",11:32:00,"Credit card",395.26,4.761904716,22.29,7.2,Morning,Friday,May,Bad
805-86-0265,Saket,Delhi,Telangana,Elite,Male,"Wall Clock","Home and lifestyle",93.96,9,63.64,1082.36,"2026-03-11 22:43:15",11:32:00,Cash,978.94,4.761904716,51.55,9.8,Morning,Wednesday,March,Good
807-14-7833,Gachibowli,Hyderabad,Maharashtra,Elite,Female,"Mechanical Keyboard","Electronic accessories",17.42,8,6.53,137.18,"2026-02-27 22:53:27",12:30:00,Ewallet,130.65,4.761904716,6.53,8.1,Afternoon,Friday,February,Bad
807-34-3742,Gachibowli,Hyderabad,Maharashtra,Basic,Male,"Leather Wallet","Fashion accessories",52.38,1,3.03,91.69,"2026-04-17 14:26:16",19:44:00,Cash,60.64,4.761904716,4.37,5.8,Evening,Friday,April,Bad
808-65-0703,Whitefield,Bangalore,Karnataka,Elite,Male,"Wall Clock","Home and lifestyle",35.47,4,10.21,308.9,"2026-02-17 20:17:59",17:22:00,UPI,141.88,4.761904716,14.7,6.9,Evening,Tuesday,February,Bad
809-46-1866,Koramangala,Bangalore,Delhi,Prime,Male,"Face Wash","Health and beauty",58.15,7,30.52,922.97,"2026-11-03 15:45:25",17:44:00,UPI,423.91,4.761904716,43.94,8.4,Evening,Tuesday,November,Bad
809-69-9497,Baner,Pune,Telangana,Basic,Female,"Coffee Mug","Home and lifestyle",45.68,19,33.71,1019.59,"2026-10-07 20:41:11",19:30:00,Cash,832.52,4.761904716,48.55,5.7,Evening,Wednesday,October,Good
810-60-6344,Bandra,Mumbai,Maharashtra,Prime,Female,"USB Flash Drive","Electronic accessories",40.86,8,20.72,435.05,"2026-01-04 11:13:49",14:38:00,"Credit card",245.16,4.761904716,20.72,8.5,Afternoon,Sunday,January,Good
811-03-8790,Gachibowli,Hyderabad,Delhi,Elite,Female,"USB Flash Drive","Electronic accessories",45.48,13,26.32,447.78,"2026-04-23 03:11:59",10:22:00,"Credit card",526.49,4.761904716,21.32,7.5,Morning,Thursday,April,Good
811-35-1094,Baner,Pune,Maharashtra,Elite,Male,"Wireless Mouse","Electronic accessories",50.45,8,17.65,516.19,"2026-09-29 07:43:20",15:16:00,Cash,435.89,4.761904716,24.58,7.5,Afternoon,Tuesday,September,Bad
815-04-6282,Bandra,Mumbai,Maharashtra,Basic,Female,"Cricket Bat","Sports and travel",64.97,8,29.65,622.96,"2026-05-18 21:55:28",12:52:00,"Credit card",456.39,4.761904716,29.65,6.5,Afternoon,Monday,May,Good
815-11-1168,Saket,Delhi,Maharashtra,Elite,Male,"Tropicana Juice","Food and beverages",99.78,8,45.55,1377.73,"2026-06-10 11:03:58",19:09:00,UPI,700.92,4.761904716,65.62,5.4,Evening,Wednesday,June,Good
816-57-2053,"Hitech City",Hyderabad,Karnataka,Prime,Male,Football,"Sports and travel",60.87,5,14.43,302.86,"2026-12-26 12:56:20",12:37:00,Ewallet,221.87,4.761904716,14.43,8.7,Afternoon,Saturday,December,Bad
816-72-8853,Saket,Delhi,Telangana,Prime,Female,Football,"Sports and travel",27.93,15,26.56,557.25,"2026-09-28 02:14:42",15:48:00,Cash,408.22,4.761904716,26.56,5.9,Afternoon,Monday,September,Bad
817-48-8732,Hinjawadi,Pune,Maharashtra,Prime,Female,"Table Lamp","Home and lifestyle",72.35,13,33.91,712.32,"2026-03-30 22:12:17",15:55:00,Cash,837.54,4.761904716,33.91,5.4,Afternoon,Monday,March,Good
817-69-8206,Kharadi,Pune,Telangana,Prime,Female,"Mechanical Keyboard","Electronic accessories",99.73,34,138.65,4192.19,"2026-11-26 17:41:03",19:42:00,"Credit card",3422.96,4.761904716,199.64,6.6,Evening,Thursday,November,Good
821-07-3596,"Banjara Hills",Hyderabad,Delhi,Basic,Female,"Wrist Watch","Fashion accessories",16.45,7,5.99,166.52,"2026-12-23 16:09:39",14:53:00,Ewallet,119.92,4.761904716,7.94,5.6,Afternoon,Wednesday,December,Bad
821-14-9046,Powai,Mumbai,Delhi,Basic,Female,"Leather Wallet","Fashion accessories",17.48,9,9.57,266,"2026-06-09 03:53:50",15:04:00,"Credit card",147.36,4.761904716,12.66,6.1,Afternoon,Tuesday,June,Bad
824-88-3614,Whitefield,Bangalore,Maharashtra,Elite,Male,Shampoo,"Health and beauty",34.31,12,28.45,597.61,"2026-07-03 00:36:13",15:00:00,UPI,395.26,4.761904716,28.45,5.7,Afternoon,Friday,July,Bad
825-94-5922,"Connaught Place",Delhi,Telangana,Elite,Male,"Yoga Mat","Sports and travel",25.31,7,9.61,290.84,"2026-08-14 00:23:43",19:26:00,UPI,147.97,4.761904716,13.84,7.2,Evening,Friday,August,Bad
826-58-8051,Kharadi,Pune,Maharashtra,Elite,Male,"Storage Basket","Home and lifestyle",62.19,4,11.66,352.68,"2026-03-24 02:04:50",19:46:00,Ewallet,287.97,4.761904716,16.8,4.3,Evening,Tuesday,March,Bad
827-26-2100,Kharadi,Pune,Maharashtra,Basic,Male,Bedsheet,"Home and lifestyle",33.84,16,22.48,679.8,"2026-10-02 11:58:17",16:21:00,Ewallet,555.07,4.761904716,32.36,8.8,Evening,Friday,October,Bad
827-44-5872,Koramangala,Bangalore,Delhi,Elite,Female,"Oreo Biscuits","Food and beverages",54.36,20,70.68,1202.32,"2026-03-29 16:43:53",11:28:00,UPI,755.15,4.761904716,57.27,6.1,Morning,Sunday,March,Good
827-77-7633,Baner,Pune,Karnataka,Elite,Male,"Gym Bag","Sports and travel",98.09,16,65.16,1970.47,"2026-10-08 18:09:28",19:41:00,Cash,1608.92,4.761904716,93.84,9.3,Evening,Thursday,October,Good
828-46-6863,Whitefield,Bangalore,Telangana,Basic,Male,Coca-Cola,"Food and beverages",98.53,9,59.81,1017.21,"2026-06-23 02:24:58",11:22:00,UPI,830.56,4.761904716,48.45,4,Morning,Tuesday,June,Good
828-61-5674,"Connaught Place",Delhi,Maharashtra,Elite,Male,"Cricket Bat","Sports and travel",44.02,10,28.61,865.26,"2026-01-30 02:29:06",19:57:00,"Credit card",440.2,4.761904716,41.2,9.6,Evening,Friday,January,Good
829-34-3910,"Hitech City",Hyderabad,Maharashtra,Elite,Female,Sunscreen,"Health and beauty",71.38,26,83.92,3356.28,"2026-04-11 01:28:11",19:21:00,Cash,1291.11,4.761904716,159.82,5.7,Evening,Saturday,April,Good
829-49-1914,Andheri,Mumbai,Karnataka,Basic,Female,"Oreo Biscuits","Food and beverages",78.31,13,71.5,2162.57,"2026-06-26 05:33:51",16:24:00,"Credit Card",1100.2,4.761904716,102.96,6.6,Evening,Friday,June,Good
830-58-2383,"Banjara Hills",Hyderabad,Maharashtra,Basic,Male,"Wall Clock","Home and lifestyle",31.75,6,9.14,192.02,"2026-09-17 20:29:35",15:26:00,Cash,182.88,4.761904716,9.14,8.6,Afternoon,Thursday,September,Bad
831-07-6050,Koramangala,Bangalore,Maharashtra,Basic,Male,"Bluetooth Speaker","Electronic accessories",32.71,5,11.48,271.93,"2026-02-21 03:17:25",11:30:00,"Credit card",122.66,4.761904716,12.93,7.9,Morning,Saturday,February,Bad
831-64-0259,Rohini,Delhi,Karnataka,Prime,Female,"Leather Wallet","Fashion accessories",39.75,5,14.95,336.43,"2026-04-08 22:04:43",10:43:00,UPI,230.08,4.761904716,16.02,9.6,Morning,Wednesday,April,Bad
831-81-6575,Rohini,Delhi,Maharashtra,Prime,Female,"Bluetooth Speaker","Electronic accessories",75.59,34,168.64,2868.5,"2026-10-20 05:53:02",11:12:00,Cash,2594.42,4.761904716,136.6,7.5,Morning,Tuesday,October,Good
832-51-6761,Powai,Mumbai,Maharashtra,Elite,Male,Coca-Cola,"Food and beverages",33.88,6,16.42,497.11,"2026-10-28 09:05:21",20:29:00,"Credit Card",252.91,4.761904716,23.65,9.6,Evening,Wednesday,October,Bad
834-25-9262,Kharadi,Pune,Delhi,Elite,Female,"Wrist Watch","Fashion accessories",81.68,4,18.59,516.3,"2026-06-05 23:44:22",12:12:00,Cash,459.02,4.761904716,24.59,9.1,Afternoon,Friday,June,Good
834-45-5519,Andheri,Mumbai,Delhi,Prime,Female,"Bluetooth Speaker","Electronic accessories",43,6,16.09,486.83,"2026-09-02 09:14:59",20:48:00,"Credit Card",247.68,4.761904716,23.18,6.9,Evening,Wednesday,September,Bad
834-61-8124,"Banjara Hills",Hyderabad,Telangana,Prime,Male,"Bluetooth Speaker","Electronic accessories",51.69,25,68.99,2905.01,"2026-12-01 10:05:24",18:22:00,Cash,1379.86,4.761904716,138.32,7.8,Evening,Tuesday,December,Good
834-83-1826,"Banjara Hills",Hyderabad,Maharashtra,Basic,Female,"Table Lamp","Home and lifestyle",82.04,21,85.48,2584.44,"2026-05-10 12:27:51",17:16:00,"Credit card",1314.83,4.761904716,123.06,7.6,Evening,Sunday,May,Good
835-16-0096,Kharadi,Pune,Delhi,Basic,Male,Football,"Sports and travel",14.7,20,11.3,237.56,"2026-07-12 02:00:37",13:48:00,Cash,214.86,4.761904716,11.31,8.5,Afternoon,Sunday,July,Bad
836-82-5858,Rohini,Delhi,Karnataka,Basic,Male,Shampoo,"Health and beauty",69.37,21,96.15,2907.53,"2026-11-01 22:01:09",19:14:00,UPI,1137.85,4.761904716,138.45,4,Evening,Sunday,November,Good
837-55-7229,Andheri,Mumbai,Maharashtra,Elite,Female,"Leather Wallet","Fashion accessories",47.44,1,4,160.31,"2026-02-01 16:16:30",18:19:00,"Credit Card",47.44,4.761904716,7.64,6.8,Evening,Sunday,February,Bad
838-02-1821,Kharadi,Pune,Delhi,Elite,Female,Bedsheet,"Home and lifestyle",12.73,2,1.03,21.65,"2026-02-18 15:03:01",12:10:00,Cash,25.46,4.761904716,1.04,5.2,Afternoon,Wednesday,February,Bad
838-78-4295,Saket,Delhi,Maharashtra,Basic,Female,Shampoo,"Health and beauty",33.47,3,8.15,226.21,"2026-09-27 19:29:02",15:43:00,Ewallet,96.4,4.761904716,10.76,6.7,Afternoon,Sunday,September,Bad
840-19-2096,"Banjara Hills",Hyderabad,Maharashtra,Prime,Male,"Mechanical Keyboard","Electronic accessories",87.91,19,83.81,3529.03,"2026-11-04 18:44:38",18:10:00,Ewallet,1676.26,4.761904716,168.03,7.9,Evening,Wednesday,November,Good
840-76-5966,Gachibowli,Hyderabad,Delhi,Prime,Male,"Yoga Mat","Sports and travel",12.76,3,2.33,70.46,"2026-05-17 12:46:49",18:06:00,Ewallet,35.85,4.761904716,3.37,7.8,Evening,Sunday,May,Bad
841-18-8232,Andheri,Mumbai,Telangana,Prime,Female,"Nescafe Coffee","Food and beverages",71.2,1,6.66,201.52,"2026-07-16 02:07:44",20:40:00,"Credit card",102.53,4.761904716,9.58,9.2,Evening,Thursday,July,Bad
841-35-6630,"Hitech City",Hyderabad,Telangana,Basic,Female,"Power Bank","Electronic accessories",75.91,30,112.9,3414.07,"2026-10-31 21:25:51",18:21:00,Cash,1736.91,4.761904716,162.57,7.3,Evening,Saturday,October,Good
842-29-4695,Gachibowli,Hyderabad,Karnataka,Prime,Male,"Cricket Bat","Sports and travel",17.14,16,14.22,298.47,"2026-12-20 04:01:39",12:07:00,"Credit card",218.66,4.761904716,14.22,7.9,Afternoon,Sunday,December,Bad
842-40-8179,Rohini,Delhi,Karnataka,Prime,Female,"Tropicana Juice","Food and beverages",77.2,13,60.88,1035.4,"2026-12-06 03:38:46",10:38:00,UPI,720.37,4.761904716,49.32,5.6,Morning,Sunday,December,Good
843-01-4703,Hinjawadi,Pune,Maharashtra,Basic,Female,Bedsheet,"Home and lifestyle",35.38,21,30.55,923.92,"2026-12-19 09:01:49",19:50:00,"Credit card",580.32,4.761904716,43.99,9.6,Evening,Saturday,December,Good
843-73-4724,Gachibowli,Hyderabad,Karnataka,Basic,Male,Handbag,"Fashion accessories",74.1,1,6.75,114.87,"2026-12-25 18:45:41",11:05:00,Cash,135.05,4.761904716,5.47,9.2,Morning,Friday,December,Bad
845-51-0542,Kharadi,Pune,Delhi,Prime,Male,"Oreo Biscuits","Food and beverages",46.55,7,15.83,332.48,"2026-12-18 11:11:47",15:34:00,Cash,390.94,4.761904716,15.83,6.4,Afternoon,Friday,December,Good
845-94-6841,Baner,Pune,Telangana,Prime,Female,"Oreo Biscuits","Food and beverages",72.88,12,37.32,1128.59,"2026-06-12 19:52:41",19:38:00,Cash,921.52,4.761904716,53.74,4,Evening,Friday,June,Good
846-10-0341,Hinjawadi,Pune,Telangana,Elite,Female,"Baseball Cap","Fashion accessories",42.57,28,48.12,1082.36,"2026-10-21 12:55:04",11:51:00,Cash,1188,4.761904716,51.55,6.8,Morning,Wednesday,October,Bad
847-38-7188,"Banjara Hills",Hyderabad,Maharashtra,Prime,Female,"Tropicana Juice","Food and beverages",96.68,4,21.83,659.97,"2026-04-12 18:32:19",19:56:00,Ewallet,335.76,4.761904716,31.43,6.4,Evening,Sunday,April,Bad
848-07-1692,Andheri,Mumbai,Telangana,Prime,Female,"Face Wash","Health and beauty",57.22,3,9.67,386.72,"2026-01-11 19:58:23",17:13:00,Ewallet,114.44,4.761904716,18.42,8.3,Evening,Sunday,January,Bad
848-24-9445,Gachibowli,Hyderabad,Telangana,Basic,Male,"Lip Balm","Health and beauty",43.7,2,4.37,132.14,"2026-01-27 20:38:25",18:03:00,Cash,87.4,4.761904716,6.29,4.9,Evening,Tuesday,January,Bad
848-42-2560,Gachibowli,Hyderabad,Maharashtra,Prime,Female,"Baseball Cap","Fashion accessories",81.91,3,10.65,425.83,"2026-02-01 20:24:31",17:43:00,Cash,163.82,4.761904716,20.27,7.8,Evening,Sunday,February,Bad
848-62-7243,Kharadi,Pune,Delhi,Prime,Male,"Face Wash","Health and beauty",24.89,16,16.53,347.22,"2026-12-29 10:00:20",15:36:00,Cash,408.25,4.761904716,16.53,7.4,Afternoon,Tuesday,December,Bad
848-95-6252,Kharadi,Pune,Karnataka,Elite,Female,Bedsheet,"Home and lifestyle",86.27,1,4.54,95.39,"2026-02-07 06:25:38",13:24:00,Ewallet,86.27,4.761904716,4.54,7,Afternoon,Saturday,February,Bad
849-09-3807,Kharadi,Pune,Telangana,Prime,Female,Handbag,"Fashion accessories",88.34,9,32.56,904.22,"2026-01-11 08:04:10",13:28:00,Cash,618.38,4.761904716,43.06,6.6,Afternoon,Sunday,January,Good
850-41-9669,"Connaught Place",Delhi,Telangana,Basic,Female,"Bluetooth Speaker","Electronic accessories",75.06,13,63.23,1327.85,"2026-08-07 23:28:29",13:25:00,Ewallet,972.78,4.761904716,63.23,6.6,Afternoon,Friday,August,Good
851-28-6367,"Hitech City",Hyderabad,Maharashtra,Prime,Male,"Yoga Mat","Sports and travel",15.5,10,7.75,131.83,"2026-02-05 13:23:49",10:55:00,Ewallet,155,4.761904716,6.28,8,Morning,Thursday,February,Bad
851-98-3555,Whitefield,Bangalore,Delhi,Elite,Female,"Face Wash","Health and beauty",82.88,8,41.92,1164.18,"2026-06-30 19:16:22",14:08:00,UPI,582.21,4.761904716,55.43,6.6,Afternoon,Tuesday,June,Good
852-62-7105,Gachibowli,Hyderabad,Telangana,Elite,Female,Handbag,"Fashion accessories",83.25,18,77.92,1752.92,"2026-07-12 05:36:36",11:25:00,"Credit card",1198.8,4.761904716,83.48,4.4,Morning,Sunday,July,Good
852-82-2749,"Connaught Place",Delhi,Telangana,Elite,Male,"Yoga Mat","Sports and travel",64.59,16,63.83,1340.18,"2026-08-01 05:08:09",13:35:00,Ewallet,755.23,4.761904716,63.83,9.3,Afternoon,Saturday,August,Bad
853-23-2453,Koramangala,Bangalore,Maharashtra,Basic,Male,"Face Wash","Health and beauty",75.74,6,39.47,828.54,"2026-04-28 23:05:33",14:35:00,Cash,548,4.761904716,39.47,7.6,Afternoon,Tuesday,April,Bad
856-22-8149,Indiranagar,Bangalore,Maharashtra,Elite,Female,"Table Lamp","Home and lifestyle",25.29,1,3.32,56.45,"2026-11-06 08:32:04",10:13:00,UPI,46.09,4.761904716,2.7,6.1,Morning,Friday,November,Bad
856-66-2701,Bandra,Mumbai,Maharashtra,Basic,Male,"Wall Clock","Home and lifestyle",53.3,3,12.02,252.67,"2026-03-26 02:19:27",14:19:00,Ewallet,185.12,4.761904716,12.03,7.5,Afternoon,Thursday,March,Bad
857-16-3520,Bandra,Mumbai,Maharashtra,Basic,Female,Handbag,"Fashion accessories",71.46,28,129.64,5184.09,"2026-10-14 15:21:08",16:06:00,Ewallet,1994.26,4.761904716,246.87,4.5,Evening,Wednesday,October,Good
857-67-9057,"Connaught Place",Delhi,Maharashtra,Basic,Male,"Power Bank","Electronic accessories",22.95,40,56.89,2395.42,"2026-11-03 06:46:26",19:20:00,Ewallet,875.22,4.761904716,114.05,8.4,Evening,Tuesday,November,Bad
859-71-0933,Whitefield,Bangalore,Karnataka,Basic,Female,Football,"Sports and travel",15.49,5,5.29,110.97,"2026-11-22 14:32:18",15:10:00,UPI,56.46,4.761904716,5.29,6.3,Afternoon,Sunday,November,Bad
859-97-6048,Bandra,Mumbai,Karnataka,Basic,Male,"Power Bank","Electronic accessories",84.25,2,15.39,449.96,"2026-05-11 23:15:40",14:13:00,"Credit Card",236.73,4.761904716,21.44,7.6,Afternoon,Monday,May,Bad
860-73-6466,Bandra,Mumbai,Karnataka,Elite,Female,"Yoga Mat","Sports and travel",39.47,5,12.17,367.63,"2026-10-10 23:07:13",16:16:00,"Credit Card",143.87,4.761904716,17.52,5,Evening,Saturday,October,Bad
860-79-0874,Indiranagar,Bangalore,Karnataka,Elite,Female,"Baseball Cap","Fashion accessories",99.3,13,100.45,2789.66,"2026-06-30 13:56:15",14:53:00,"Credit card",1395.09,4.761904716,132.84,6.6,Afternoon,Tuesday,June,Good
861-77-0145,Rohini,Delhi,Maharashtra,Elite,Male,"Power Bank","Electronic accessories",81.97,13,74.85,2188.81,"2026-06-03 08:43:41",14:30:00,UPI,1151.62,4.761904716,104.22,8.3,Afternoon,Wednesday,June,Good
862-17-9201,Andheri,Mumbai,Karnataka,Elite,Female,"Tropicana Juice","Food and beverages",84.05,8,47.2,802.93,"2026-07-22 16:23:56",10:48:00,"Credit Card",726.19,4.761904716,38.23,7.7,Morning,Wednesday,July,Good
862-29-5914,Whitefield,Bangalore,Delhi,Prime,Female,"Travel Backpack","Sports and travel",22.38,1,2.93,88.78,"2026-10-02 17:01:44",17:08:00,"Credit card",40.78,4.761904716,4.22,8.6,Evening,Friday,October,Bad
862-59-8517,Kharadi,Pune,Telangana,Basic,Female,"Oreo Biscuits","Food and beverages",90.24,6,25.39,431.81,"2026-04-17 07:57:31",11:17:00,Cash,626.79,4.761904716,20.57,6.2,Morning,Friday,April,Good
864-24-7918,Rohini,Delhi,Maharashtra,Elite,Female,Football,"Sports and travel",24.49,19,29.02,609.25,"2026-10-13 21:57:27",15:15:00,Cash,446.34,4.761904716,29.02,8.1,Afternoon,Tuesday,October,Bad
865-41-9075,Andheri,Mumbai,Karnataka,Basic,Male,"Tropicana Juice","Food and beverages",11.53,8,7.28,220.37,"2026-03-25 09:33:56",17:35:00,"Credit Card",112.11,4.761904716,10.5,8.1,Evening,Wednesday,March,Bad
865-92-6136,Kharadi,Pune,Delhi,Elite,Male,"Lay's Chips","Food and beverages",52.75,3,7.42,126.21,"2026-04-23 08:07:45",10:16:00,Cash,183.19,4.761904716,6.01,9.3,Morning,Thursday,April,Bad
866-05-7563,Andheri,Mumbai,Delhi,Basic,Female,"USB Flash Drive","Electronic accessories",81.4,14,78.69,2379.65,"2026-10-10 20:22:02",19:43:00,Cash,931.27,4.761904716,113.32,8.1,Evening,Saturday,October,Bad
866-70-2814,Powai,Mumbai,Karnataka,Elite,Female,"Wireless Mouse","Electronic accessories",52.79,40,130.83,2225.92,"2026-12-04 01:49:02",11:58:00,"Credit Card",2013.2,4.761904716,105.98,7.3,Morning,Friday,December,Good
866-99-7614,"Banjara Hills",Hyderabad,Maharashtra,Prime,Male,"Lay's Chips","Food and beverages",89.2,14,64.22,1348.7,"2026-08-10 19:13:24",15:42:00,"Credit card",1284.48,4.761904716,64.22,4.4,Afternoon,Monday,August,Good
867-47-1948,Baner,Pune,Telangana,Prime,Female,"Coffee Mug","Home and lifestyle",15.8,13,7.41,155.57,"2026-03-10 12:53:24",12:07:00,Cash,182.91,4.761904716,7.41,7.8,Afternoon,Tuesday,March,Bad
868-06-0466,Whitefield,Bangalore,Maharashtra,Prime,Male,"Bluetooth Speaker","Electronic accessories",69.58,9,43.97,1851.03,"2026-02-14 23:54:06",19:38:00,UPI,469.67,4.761904716,88.16,7.8,Evening,Saturday,February,Good
868-52-7573,Gachibowli,Hyderabad,Telangana,Basic,Female,"Tropicana Juice","Food and beverages",99.69,7,35.89,753.66,"2026-08-13 02:07:12",12:09:00,Cash,717.77,4.761904716,35.89,9.9,Afternoon,Thursday,August,Good
868-81-1752,"Banjara Hills",Hyderabad,Karnataka,Basic,Male,"Wall Clock","Home and lifestyle",22.02,13,14.27,431.5,"2026-08-06 17:10:05",18:48:00,Cash,285.38,4.761904716,20.54,6.8,Evening,Thursday,August,Bad
869-11-3082,Whitefield,Bangalore,Maharashtra,Elite,Male,Shampoo,"Health and beauty",96.16,7,50.46,1526.32,"2026-10-15 19:06:54",20:03:00,UPI,701,4.761904716,72.66,8.4,Evening,Thursday,October,Good
870-54-3162,Whitefield,Bangalore,Telangana,Basic,Female,Football,"Sports and travel",32.25,15,33.95,712.72,"2026-08-14 16:40:23",13:26:00,UPI,471.37,4.761904716,33.95,9,Afternoon,Friday,August,Bad
870-72-4431,Andheri,Mumbai,Maharashtra,Elite,Female,"Body Lotion","Health and beauty",99.19,10,72.41,2011.19,"2026-08-16 00:45:19",14:42:00,"Credit card",857,4.761904716,95.77,5.5,Afternoon,Sunday,August,Good
870-76-1733,Hinjawadi,Pune,Karnataka,Elite,Female,Coca-Cola,"Food and beverages",14.23,5,3.35,56.75,"2026-04-16 08:17:28",10:08:00,"Credit card",82.37,4.761904716,2.71,4.4,Morning,Thursday,April,Bad
871-39-9221,Hinjawadi,Pune,Delhi,Basic,Female,"Wireless Mouse","Electronic accessories",12.45,23,11.52,242.3,"2026-11-12 06:44:06",13:11:00,Cash,284.89,4.761904716,11.52,8.4,Afternoon,Thursday,November,Bad
871-79-8483,Gachibowli,Hyderabad,Maharashtra,Elite,Male,"Leather Wallet","Fashion accessories",94.13,27,121.99,3688.17,"2026-10-24 05:20:51",19:39:00,"Credit card",1876.35,4.761904716,175.66,4.8,Evening,Saturday,October,Good
873-14-6353,Andheri,Mumbai,Maharashtra,Basic,Male,"Tropicana Juice","Food and beverages",24.82,10,16.25,276.62,"2026-09-04 16:59:24",10:33:00,"Credit Card",250.19,4.761904716,13.18,7.1,Morning,Friday,September,Bad
873-51-0671,Hinjawadi,Pune,Delhi,Elite,Female,"Gym Bag","Sports and travel",21.98,20,18.22,550.81,"2026-07-07 10:40:54",16:42:00,Ewallet,449.76,4.761904716,26.23,5.1,Evening,Tuesday,July,Bad
873-95-4984,Kharadi,Pune,Maharashtra,Prime,Female,Shampoo,"Health and beauty",76.9,10,31.39,1255.51,"2026-09-07 02:02:31",20:21:00,Cash,775.15,4.761904716,59.78,7.7,Evening,Monday,September,Good
875-31-8302,Kharadi,Pune,Maharashtra,Elite,Male,"Gym Bag","Sports and travel",93.38,1,6.92,145.04,"2026-05-17 14:39:52",13:07:00,Cash,131.2,4.761904716,6.92,9.6,Afternoon,Sunday,May,Bad
875-46-5808,Baner,Pune,Delhi,Prime,Male,Sunscreen,"Health and beauty",25.9,19,19.12,401.46,"2026-12-08 20:15:00",14:51:00,Cash,472.03,4.761904716,19.12,8.7,Afternoon,Tuesday,December,Bad
877-22-3308,"Connaught Place",Delhi,Karnataka,Basic,Male,"Face Wash","Health and beauty",15.87,30,29.42,890.2,"2026-05-31 12:46:12",16:40:00,UPI,348.38,4.761904716,42.38,5.8,Evening,Sunday,May,Bad
878-30-2331,Kharadi,Pune,Maharashtra,Elite,Female,"Travel Backpack","Sports and travel",54.55,13,31.03,527.97,"2026-06-04 12:22:49",11:22:00,Cash,766.39,4.761904716,25.16,7.1,Morning,Thursday,June,Good
880-35-0356,"Hitech City",Hyderabad,Maharashtra,Basic,Female,"Cricket Bat","Sports and travel",75.2,3,13.05,222.11,"2026-04-24 00:17:56",11:51:00,Ewallet,261.16,4.761904716,10.58,4.8,Morning,Friday,April,Bad
880-46-5796,"Hitech City",Hyderabad,Telangana,Prime,Male,"Cricket Bat","Sports and travel",76.92,10,38.46,1163.03,"2026-02-16 14:15:18",19:53:00,Ewallet,769.2,4.761904716,55.38,5.6,Evening,Monday,February,Good
881-41-7302,Gachibowli,Hyderabad,Maharashtra,Prime,Female,Sunglasses,"Fashion accessories",64.99,1,4.68,105.27,"2026-08-04 04:09:18",10:06:00,"Credit card",93.59,4.761904716,5.03,4.5,Morning,Tuesday,August,Bad
882-40-4577,Koramangala,Bangalore,Maharashtra,Prime,Male,Football,"Sports and travel",67.26,4,19.37,406.79,"2026-02-03 22:39:17",15:28:00,UPI,269.04,4.761904716,19.37,8,Afternoon,Tuesday,February,Bad
883-17-4236,Indiranagar,Bangalore,Karnataka,Elite,Female,"Yoga Mat","Sports and travel",14.39,2,2.9,88.04,"2026-06-11 09:02:48",19:44:00,UPI,40.43,4.761904716,4.19,7.2,Evening,Thursday,June,Bad
883-69-1285,"Hitech City",Hyderabad,Telangana,Prime,Male,"Baseball Cap","Fashion accessories",49.92,2,7.19,122.27,"2026-07-24 15:59:39",11:55:00,"Credit card",143.77,4.761904716,5.82,7,Morning,Friday,July,Bad
884-80-6021,Rohini,Delhi,Telangana,Basic,Female,"USB Flash Drive","Electronic accessories",73.47,14,68.77,1444.12,"2026-08-27 06:28:13",13:14:00,UPI,1057.97,4.761904716,68.77,8,Afternoon,Thursday,August,Good
885-17-6250,Indiranagar,Bangalore,Karnataka,Elite,Female,"Body Lotion","Health and beauty",79.74,1,12.64,283.53,"2026-05-22 02:59:17",10:36:00,UPI,175.05,4.761904716,13.52,7.3,Morning,Friday,May,Bad
885-56-0389,Bandra,Mumbai,Maharashtra,Elite,Male,"Baseball Cap","Fashion accessories",52.35,1,4.77,144.55,"2026-06-18 22:32:30",17:49:00,Cash,73.55,4.761904716,6.88,4,Evening,Thursday,June,Bad
886-18-2897,Hinjawadi,Pune,Maharashtra,Elite,Female,"Nescafe Coffee","Food and beverages",56.56,5,13.27,400.96,"2026-04-23 17:24:03",19:06:00,"Credit card",327.38,4.761904716,19.09,4.5,Evening,Thursday,April,Bad
886-54-6089,"Banjara Hills",Hyderabad,Maharashtra,Prime,Female,"Storage Basket","Home and lifestyle",11.43,10,6.41,194.12,"2026-09-13 07:44:34",17:24:00,Cash,98.76,4.761904716,9.23,7.7,Evening,Sunday,September,Bad
886-77-9084,Gachibowli,Hyderabad,Telangana,Elite,Male,"Power Bank","Electronic accessories",71.89,12,41.41,980.76,"2026-07-07 14:30:13",11:33:00,Ewallet,828.17,4.761904716,46.7,6.5,Morning,Tuesday,July,Good
887-42-0517,"Connaught Place",Delhi,Delhi,Basic,Female,"Yoga Mat","Sports and travel",83.14,10,53.14,904.03,"2026-06-24 13:53:11",10:31:00,"Credit card",817.64,4.761904716,43.05,6.6,Morning,Wednesday,June,Good
888-02-0338,Indiranagar,Bangalore,Telangana,Elite,Male,"Wireless Mouse","Electronic accessories",26.23,12,23.87,1005.49,"2026-06-17 13:18:27",20:24:00,Ewallet,331.67,4.761904716,47.88,7.9,Evening,Wednesday,June,Bad
889-04-9723,Rohini,Delhi,Maharashtra,Prime,Female,"Lay's Chips","Food and beverages",89.14,4,32.56,683.79,"2026-05-26 07:52:05",12:20:00,UPI,500.94,4.761904716,32.57,7.8,Afternoon,Tuesday,May,Good
891-01-7034,"Banjara Hills",Hyderabad,Delhi,Basic,Female,"Power Bank","Electronic accessories",74.71,9,31.48,952.21,"2026-06-12 05:43:29",19:07:00,Cash,629.78,4.761904716,45.34,7.7,Evening,Friday,June,Good
891-58-8335,"Hitech City",Hyderabad,Delhi,Elite,Female,"Travel Backpack","Sports and travel",29.61,12,18.89,396.64,"2026-11-10 13:57:32",15:53:00,Cash,377.74,4.761904716,18.89,6.5,Afternoon,Tuesday,November,Bad
892-05-6689,Saket,Delhi,Maharashtra,Elite,Female,"Coffee Mug","Home and lifestyle",28.32,16,29.5,619.52,"2026-05-01 21:41:47",13:28:00,UPI,453.87,4.761904716,29.5,6.2,Afternoon,Friday,May,Bad
894-41-5205,"Connaught Place",Delhi,Delhi,Prime,Female,"Oreo Biscuits","Food and beverages",43.18,12,32.34,977.75,"2026-07-13 22:36:15",19:39:00,"Credit card",497.44,4.761904716,46.58,8.3,Evening,Monday,July,Good
895-03-6665,Koramangala,Bangalore,Maharashtra,Basic,Female,"Wrist Watch","Fashion accessories",36.51,9,23.66,532.21,"2026-02-12 18:12:43",10:52:00,Cash,328.59,4.761904716,25.35,4.2,Morning,Thursday,February,Good
895-66-0685,Koramangala,Bangalore,Maharashtra,Elite,Male,"Nescafe Coffee","Food and beverages",18.08,3,5.5,165.94,"2026-06-11 22:35:34",19:46:00,Ewallet,76.2,4.761904716,7.92,8,Evening,Thursday,June,Bad
896-34-0956,Koramangala,Bangalore,Maharashtra,Prime,Male,"Wrist Watch","Fashion accessories",21.32,1,2.15,45.28,"2026-05-18 01:21:16",12:43:00,UPI,29.96,4.761904716,2.15,5.9,Afternoon,Monday,May,Bad
898-04-2717,"Connaught Place",Delhi,Maharashtra,Prime,Male,"Baseball Cap","Fashion accessories",76.4,9,44.69,938.57,"2026-02-26 14:24:13",15:49:00,UPI,687.6,4.761904716,44.69,7.5,Afternoon,Thursday,February,Good
